allele,AFA_freq,API_freq,NAM_freq,HIS_freq,CAU_freq,max_freq
A*01:01,0.04682835632992,0.07137442576488,0.11840051411397,0.07292969617937,0.15882664001324,0.15882664001324
A*02:01,0.12223085888241,0.08435056888498,0.26508296716545,0.20955469349275,0.27159702180402,0.27159702180402
A*02:02,0.04163285477776,0.00019082183287,0.00203092900219,0.00758307550971,0.00112127514495,0.04163285477776
A*02:03,0.00020509744651,0.03441584239967,0.00068270464401,0.0001304801165,6.313782081e-05,0.03441584239967
A*02:05,0.01537652724169,0.00460117089103,0.00750922183142,0.01566839120421,0.01005031396175,0.01566839120421
A*02:06,0.00072953497168,0.03572178828388,0.02817948756875,0.03310410855667,0.00195272650208,0.03572178828388
A*02:07,2.37507595e-05,0.03384898460012,0.00010836584309,4.138886613e-05,0.00013100254022,0.03384898460012
A*02:11,0.00038397036909,0.01926628618993,0.00232651897202,0.00342836472383,0.0001491421238,0.01926628618993
A*03:01,0.08309351860561,0.03357263348994,0.10239473128215,0.08029210818833,0.13961291853191,0.13961291853191
A*11:01,0.01425540137574,0.17575597744579,0.05116498729351,0.04635833870925,0.05903510142506,0.17575597744579
A*23:01,0.10897230834298,0.00365678528564,0.01938664708008,0.03422205891002,0.02084543070574,0.10897230834298
A*24:02,0.02481189146567,0.17315465451399,0.12934916622016,0.12347365479491,0.0891303493876,0.17315465451399
A*24:07,0.00051641442728,0.02238851840642,0.00040095357542,0.00031011983867,0.00010973420379,0.02238851840642
A*25:01,0.00333852570679,0.00033951113696,0.0139976997106,0.01025909469123,0.02148323344625,0.02148323344625
A*26:01,0.01433482996253,0.03511701596976,0.02102812635591,0.02793185156113,0.03388884123942,0.03511701596976
A*29:01,0.00043258066696,0.0146575102227,0.00166293179398,0.00187830463719,0.0035090929189,0.0146575102227
A*29:02,0.03157258999693,0.00178131173674,0.02769346358844,0.04430903620063,0.03078600226449,0.04430903620063
A*30:01,0.06847944316374,0.01859812657615,0.01186865963157,0.0195991551056,0.01423926631018,0.06847944316374
A*30:02,0.06669569743705,0.00135323038264,0.01223038205843,0.02569961636527,0.00836009726382,0.06669569743705
A*31:01,0.00999621798677,0.03134798875532,0.06803111746478,0.04592203561647,0.02545296177544,0.06803111746478
A*32:01,0.01493929291016,0.01778199615445,0.02555413214251,0.02668881124429,0.03614949475022,0.03614949475022
A*33:01,0.02030226236472,0.000841805961,0.00679764917711,0.02154162172675,0.00886355773435,0.02154162172675
A*33:03,0.05219097676595,0.10094653958747,0.00874139783972,0.00772725275822,0.0039511569694,0.10094653958747
A*34:01,7.817951539e-05,0.0179427043498,0.00020589492189,0.00026446775854,5.431396666e-05,0.0179427043498
A*34:02,0.03352141334096,0.00016532021335,0.00244906768033,0.00408249156623,0.00080052436055,0.03352141334096
A*36:01,0.02615857253818,4.396818049e-05,0.00133289979211,0.00205917029765,0.00012690303606,0.02615857253818
A*66:01,0.01411416211177,0.00032184699529,0.00321647254384,0.00614208145037,0.00454744873913,0.01411416211177
A*68:01,0.03924454925969,0.0285189433336,0.03988766749102,0.04819384749135,0.03280595082378,0.04819384749135
A*68:02,0.060689907735,0.00042297372696,0.00899287285178,0.02509260716493,0.00839130853969,0.060689907735
A*68:03,0.00016130710917,6.859029396e-05,0.00212397033347,0.01583249357831,7.7189757e-05,0.01583249357831
A*74:01,0.05469914953863,0.00132314095413,0.00317511863344,0.0068234439596,0.00017740346508,0.05469914953863
B*07:02,0.07274001718511,0.02933714046227,0.09681859664233,0.05785103869825,0.12465535112459,0.12465535112459
B*07:05,0.00820492758876,0.02216923821219,0.00262816015955,0.00510744041051,0.00343897975875,0.02216923821219
B*08:01,0.03653756434482,0.01784316676305,0.07870611024065,0.04174102531007,0.10579116824935,0.10579116824935
B*13:01,0.00015635903216,0.02958625278133,0.00063540882939,0.00012601787199,0.00019176030967,0.02958625278133
B*13:02,0.00809900794479,0.01896868772113,0.01602041999833,0.01270102382832,0.02680295716333,0.02680295716333
B*14:02,0.02168070079929,0.00155526787084,0.0207640696378,0.04234325823507,0.02749698768391,0.04234325823507
B*15:01,0.01042156247078,0.03116269145851,0.05913293313924,0.02830602544403,0.06121008479949,0.06121008479949
B*15:02,0.00037299293551,0.04219511231124,0.00098612876313,0.00027569185453,0.00011991013165,0.04219511231124
B*15:03,0.06314874542785,0.00034295165944,0.00393504651144,0.01257810781053,0.0015470714987,0.06314874542785
B*15:10,0.0348817315662,0.00031629401074,0.00168801367916,0.0047652294592,0.00034554783731,0.0348817315662
B*15:16,0.01807661643765,3.7812606e-05,0.00122670115085,0.00383005363075,0.00054710940061,0.01807661643765
B*15:18,0.00151572304116,0.01081975257756,0.00298163946745,0.00270246600704,0.00234731354889,0.01081975257756
B*18:01,0.03182700301068,0.01509118964499,0.03293237590602,0.04126610438303,0.04721588182287,0.04721588182287
B*27:05,0.00814783444291,0.00823309725906,0.05193143592378,0.01970003626842,0.03525297459223,0.05193143592378
B*35:01,0.0692222103077,0.04493909230718,0.09322428536387,0.07022087915319,0.05766085520883,0.09322428536387
B*35:02,0.00102907848858,0.00340980608019,0.00487067722644,0.0135034007907,0.01204567202404,0.0135034007907
B*35:03,0.00216115711659,0.03103231602891,0.01183235285948,0.01555973725411,0.01905864086947,0.03103231602891
B*35:05,0.00038191862125,0.01284886419137,0.00031426094495,0.00238484337192,6.03204797e-05,0.01284886419137
B*35:12,0.00016922412424,4.396815602e-05,0.0012349696947,0.01849105014478,8.855933562e-05,0.01849105014478
B*37:01,0.0055141339263,0.01781854461765,0.01129171938403,0.00772709129329,0.01398106283519,0.01781854461765
B*38:01,0.0023664969681,0.00271208759346,0.01085877618211,0.01892691262316,0.0245430827751,0.0245430827751
B*38:02,0.00011578484209,0.03060517230662,0.00061768518313,0.00027779851374,8.70301763e-05,0.03060517230662
B*39:01,0.00301008245866,0.01242255890813,0.03031542719852,0.00766572156906,0.0117775731253,0.03031542719852
B*39:05,0.00021867852337,0.00088456148392,0.00134986618217,0.0260395397287,0.00011834243586,0.0260395397287
B*39:06,0.00143732556807,0.00052668789564,0.01662200245812,0.02023762989477,0.00602829738085,0.02023762989477
B*40:01,0.01231386652617,0.0676264602031,0.04917444839009,0.01500431178138,0.04985820459092,0.0676264602031
B*40:02,0.00344774387802,0.02426988928989,0.03292374630109,0.04953541359131,0.01343279509194,0.04953541359131
B*40:06,0.00061557162622,0.0464150273813,0.0038250743794,0.00119655531649,0.00053472682918,0.0464150273813
B*42:01,0.0527973052416,0.00011519660705,0.00243823136044,0.00628671139596,0.00032614958861,0.0527973052416
B*44:02,0.01993714983709,0.00777347479982,0.07076318250017,0.04140917600768,0.08690679896406,0.08690679896406
B*44:03,0.04665567570068,0.05129601564239,0.04004363420644,0.0569783665425,0.04398715608204,0.0569783665425
B*45:01,0.04869037262381,0.00104686154312,0.00709281753526,0.0172888407662,0.00540116999553,0.04869037262381
B*46:01,0.00012667068188,0.05274955903326,0.00023840477583,0.000188003601,0.00019795853027,0.05274955903326
B*48:01,0.00047114436772,0.0150717184425,0.01788014869595,0.0179037044955,0.00078046014812,0.0179037044955
B*49:01,0.02844190804426,0.00295442002759,0.01466455116676,0.02415073953941,0.01650898609578,0.02844190804426
B*50:01,0.0091047440151,0.00794575197883,0.0082708012011,0.01504247884181,0.01176096621821,0.01504247884181
B*51:01,0.02202141035044,0.06253375594193,0.06501435767881,0.05905392243447,0.05188314557941,0.06501435767881
B*52:01,0.01600025229318,0.04132422073397,0.01059323056218,0.02368982735595,0.01086572548394,0.04132422073397
B*53:01,0.11860804668381,0.00084597121607,0.00872677396035,0.0172079163506,0.00384612245725,0.11860804668381
B*54:01,3.661575205e-05,0.02061597608009,6.501950496e-05,5.822498533e-05,8.856372627e-05,0.02061597608009
B*55:01,0.00392103940916,0.00847925252804,0.0141743049577,0.00904357399227,0.01795127481771,0.01795127481771
B*55:02,7.224185953e-05,0.01350355099835,3.250970898e-05,7.506100093e-05,7.706190145e-05,0.01350355099835
B*57:01,0.00701040262593,0.03092732887208,0.0269505842074,0.01409428042723,0.03500090246957,0.03500090246957
B*57:03,0.03239237580265,0.00012475900535,0.00138708248121,0.00830348177603,0.00074481039057,0.03239237580265
B*58:01,0.03817526914693,0.05411867484468,0.00875319550616,0.01308441077536,0.00846598125852,0.05411867484468
B*58:02,0.04080840271973,6.946970644e-05,0.00226760878386,0.00366475207161,0.00013787705131,0.04080840271973
B*81:01,0.01950166986911,0.00038456997601,0.0007477242987,0.00181871157506,7.923446552e-05,0.01950166986911
C*01:02,0.00782826813182,0.1099889445068,0.04785128898502,0.04645204619322,0.03362502868797,0.1099889445068
C*02:02,0.08792910413776,0.00593728861742,0.05464568714134,0.03965426379069,0.04688255495875,0.08792910413776
C*03:02,0.01843137324598,0.05425769619422,0.00466957047584,0.00447323178261,0.00315394712148,0.05425769619422
C*03:03,0.01262894030955,0.04641252340439,0.04114626943383,0.03370199345947,0.05125353082964,0.05125353082964
C*03:04,0.05541814039316,0.07064558710954,0.09912138776425,0.06459289167737,0.07389952139832,0.09912138776425
C*03:05,0.00010967445169,1.323389966e-05,0.00033235449981,0.01191998288303,1.795183395e-05,0.01191998288303
C*04:01,0.20595891001911,0.09612238745778,0.13231606803682,0.16802648939974,0.11514515966228,0.20595891001911
C*04:03,0.00013923035813,0.01696822923782,0.00081918803006,0.00024342446248,0.00015932215986,0.01696822923782
C*05:01,0.03256595819098,0.00791479228402,0.07294480493733,0.05728324756719,0.08259325375924,0.08259325375924
C*06:02,0.08518787510863,0.07696433514108,0.07086386077897,0.06366383728455,0.09512800000476,0.09512800000476
C*07:01,0.11681727887306,0.05545666604111,0.11618774800762,0.10369779310702,0.15504646380364,0.15504646380364
C*07:02,0.07213132116364,0.14325450262995,0.14588657043939,0.12177493792646,0.13652098524509,0.14588657043939
C*07:04,0.0070714038446,0.0139508515609,0.01147231869785,0.00589361626456,0.01684646236753,0.01684646236753
C*08:01,0.00110982372242,0.07433741903873,0.02124595007655,0.02400711334589,0.00055621747413,0.07433741903873
C*08:02,0.03411789432106,0.00361011269653,0.02903211744608,0.05051023809538,0.03568890693885,0.05051023809538
C*12:02,0.00158051008123,0.04946109769687,0.00942387344388,0.01160994337044,0.01065568582655,0.04946109769687
C*12:03,0.0153788808961,0.02300047016187,0.02851373742457,0.04140044262636,0.05586484932617,0.05586484932617
C*14:02,0.01655786970568,0.04439166270527,0.01378680230641,0.01386483570484,0.0133659906122,0.04439166270527
C*14:03,0.00138668236439,0.01011608679891,0.00014805927389,0.00012753939263,0.00013025517206,0.01011608679891
C*15:02,0.00557655097034,0.06226028568436,0.04317543763904,0.03569913413408,0.02285449645977,0.06226028568436
C*15:05,0.01349712397465,0.01340314261329,0.00258168137663,0.00598209719866,0.00414436378602,0.01349712397465
C*16:01,0.09650466784493,0.00088624810689,0.02868931648417,0.05493757281177,0.028848967395,0.09650466784493
C*17:01,0.0680614768951,0.00215725673431,0.00906458677315,0.01869593684078,0.01044069151088,0.0680614768951
C*18:01,0.0317235559369,5.456953502e-05,0.00090269599311,0.00274081668944,0.00028430455549,0.0317235559369
