peptide,pos,count,freq
MFVFLVLLP,0,149,0.9933333333333333
MFVFFVLLP,0,1,0.006666666666666667
FVFLVLLPL,1,149,0.9933333333333333
FVFFVLLPL,1,1,0.006666666666666667
VFLVLLPLV,2,149,0.9933333333333333
VFFVLLPLV,2,1,0.006666666666666667
FLVLLPLVS,3,148,0.9866666666666667
FFVLLPLVF,3,1,0.006666666666666667
FLVLLPLVF,3,1,0.006666666666666667
LVLLPLVSS,4,147,0.98
FVLLPLVFS,4,1,0.006666666666666667
LVLLPLVFS,4,1,0.006666666666666667
LVLLPLVSI,4,1,0.006666666666666667
VLLPLVSSQ,5,147,0.98
VLLPLVFSQ,5,2,0.013333333333333334
VLLPLVSIQ,5,1,0.006666666666666667
LLPLVSSQC,6,147,0.98
LLPLVFSQC,6,2,0.013333333333333334
LLPLVSIQC,6,1,0.006666666666666667
LPLVSSQCV,7,147,0.98
LPLVFSQCV,7,2,0.013333333333333334
LPLVSIQCV,7,1,0.006666666666666667
PLVSSQCVN,8,147,0.98
PLVFSQCVN,8,2,0.013333333333333334
PLVSIQCVN,8,1,0.006666666666666667
LVSSQCVNL,9,147,0.98
LVFSQCVNL,9,2,0.013333333333333334
LVSIQCVNL,9,1,0.006666666666666667
VSSQCVNLT,10,146,0.9733333333333334
VFSQCVNLT,10,2,0.013333333333333334
VSIQCVNLT,10,1,0.006666666666666667
VSSQCVNLI,10,1,0.006666666666666667
SSQCVNLTT,11,146,0.9733333333333334
FSQCVNLTT,11,2,0.013333333333333334
SIQCVNLTT,11,1,0.006666666666666667
SSQCVNLIT,11,1,0.006666666666666667
SQCVNLTTR,12,148,0.9866666666666667
IQCVNLTTR,12,1,0.006666666666666667
SQCVNLITR,12,1,0.006666666666666667
QCVNLTTRT,13,149,0.9933333333333333
QCVNLITRT,13,1,0.006666666666666667
CVNLTTRTQ,14,149,0.9933333333333333
CVNLITRTQ,14,1,0.006666666666666667
VNLTTRTQL,15,149,0.9933333333333333
NLTTRTQLP,16,149,0.9933333333333333
LTTRTQLPP,17,149,0.9933333333333333
TTRTQLPPA,18,148,0.9866666666666667
TTRTQLPPV,18,1,0.006666666666666667
TRTQLPPAY,19,148,0.9866666666666667
TRTQLPPVY,19,1,0.006666666666666667
RTQLPPAYT,20,148,0.9866666666666667
RTQLPPVYT,20,1,0.006666666666666667
TQLPPAYTN,21,148,0.9866666666666667
TQLPPVYTN,21,1,0.006666666666666667
QLPPAYTNS,22,148,0.9866666666666667
QLPPVYTNS,22,1,0.006666666666666667
LPPAYTNSF,23,148,0.9866666666666667
LPPVYTNSF,23,1,0.006666666666666667
PPAYTNSFT,24,148,0.9866666666666667
PPVYTNSFT,24,1,0.006666666666666667
PAYTNSFTR,25,148,0.9866666666666667
PVYTNSFTR,25,1,0.006666666666666667
AYTNSFTRG,26,148,0.9866666666666667
VYTNSFTRG,26,1,0.006666666666666667
YTNSFTRGV,27,150,1.0
TNSFTRGVY,28,150,1.0
NSFTRGVYY,29,150,1.0
SFTRGVYYP,30,150,1.0
FTRGVYYPD,31,150,1.0
TRGVYYPDK,32,150,1.0
RGVYYPDKV,33,150,1.0
GVYYPDKVF,34,150,1.0
VYYPDKVFR,35,150,1.0
YYPDKVFRS,36,150,1.0
YPDKVFRSS,37,150,1.0
PDKVFRSSV,38,150,1.0
DKVFRSSVL,39,150,1.0
KVFRSSVLH,40,149,0.9933333333333333
KVFRSSVLY,40,1,0.006666666666666667
VFRSSVLHS,41,149,0.9933333333333333
VFRSSVLYS,41,1,0.006666666666666667
FRSSVLHST,42,149,0.9933333333333333
FRSSVLYST,42,1,0.006666666666666667
RSSVLHSTQ,43,149,0.9933333333333333
RSSVLYSTQ,43,1,0.006666666666666667
SSVLHSTQD,44,149,0.9933333333333333
SSVLYSTQD,44,1,0.006666666666666667
SVLHSTQDL,45,148,0.9866666666666667
SVLHSTQDF,45,1,0.006666666666666667
SVLYSTQDL,45,1,0.006666666666666667
VLHSTQDLF,46,148,0.9866666666666667
VLHSTQDFF,46,1,0.006666666666666667
VLYSTQDLF,46,1,0.006666666666666667
LHSTQDLFL,47,148,0.9866666666666667
LHSTQDFFL,47,1,0.006666666666666667
LYSTQDLFL,47,1,0.006666666666666667
HSTQDLFLP,48,148,0.9866666666666667
HSTQDFFLP,48,1,0.006666666666666667
YSTQDLFLP,48,1,0.006666666666666667
STQDLFLPF,49,149,0.9933333333333333
STQDFFLPF,49,1,0.006666666666666667
TQDLFLPFF,50,149,0.9933333333333333
TQDFFLPFF,50,1,0.006666666666666667
QDLFLPFFS,51,149,0.9933333333333333
QDFFLPFFS,51,1,0.006666666666666667
DLFLPFFSN,52,149,0.9933333333333333
DFFLPFFSN,52,1,0.006666666666666667
LFLPFFSNV,53,149,0.9933333333333333
FFLPFFSNV,53,1,0.006666666666666667
FLPFFSNVT,54,150,1.0
LPFFSNVTW,55,150,1.0
PFFSNVTWF,56,150,1.0
FFSNVTWFH,57,150,1.0
FSNVTWFHA,58,150,1.0
SNVTWFHAI,59,147,0.98
NVTWFHAIH,60,147,0.98
VTWFHAIHV,61,147,0.98
TWFHAIHVS,62,147,0.98
WFHAIHVSG,63,147,0.98
FHAIHVSGT,64,147,0.98
HAIHVSGTN,65,147,0.98
AIHVSGTNG,66,147,0.98
IHVSGTNGT,67,147,0.98
HVSGTNGTK,68,147,0.98
VSGTNGTKR,69,147,0.98
SGTNGTKRF,70,150,1.0
GTNGTKRFD,71,149,0.9933333333333333
GTNGTKRFY,71,1,0.006666666666666667
TNGTKRFDN,72,149,0.9933333333333333
TNGTKRFYN,72,1,0.006666666666666667
NGTKRFDNP,73,149,0.9933333333333333
NGTKRFYNP,73,1,0.006666666666666667
GTKRFDNPV,74,148,0.9866666666666667
GTKRFDNPA,74,1,0.006666666666666667
GTKRFYNPV,74,1,0.006666666666666667
TKRFDNPVL,75,148,0.9866666666666667
TKRFDNPAL,75,1,0.006666666666666667
TKRFYNPVL,75,1,0.006666666666666667
KRFDNPVLP,76,148,0.9866666666666667
KRFDNPALP,76,1,0.006666666666666667
KRFYNPVLP,76,1,0.006666666666666667
RFDNPVLPF,77,148,0.9866666666666667
RFDNPALPF,77,1,0.006666666666666667
RFYNPVLPF,77,1,0.006666666666666667
FDNPVLPFN,78,148,0.9866666666666667
FDNPALPFN,78,1,0.006666666666666667
FYNPVLPFN,78,1,0.006666666666666667
DNPVLPFND,79,148,0.9866666666666667
DNPALPFND,79,1,0.006666666666666667
YNPVLPFND,79,1,0.006666666666666667
NPVLPFNDG,80,149,0.9933333333333333
NPALPFNDG,80,1,0.006666666666666667
PVLPFNDGV,81,149,0.9933333333333333
PALPFNDGV,81,1,0.006666666666666667
VLPFNDGVY,82,149,0.9933333333333333
ALPFNDGVY,82,1,0.006666666666666667
LPFNDGVYF,83,150,1.0
PFNDGVYFA,84,150,1.0
FNDGVYFAS,85,150,1.0
NDGVYFAST,86,150,1.0
DGVYFASTE,87,150,1.0
GVYFASTEK,88,150,1.0
VYFASTEKS,89,150,1.0
YFASTEKSN,90,150,1.0
FASTEKSNI,91,150,1.0
ASTEKSNII,92,149,0.9933333333333333
ASTEKSNIT,92,1,0.006666666666666667
STEKSNIIR,93,148,0.9866666666666667
STEKSNIIS,93,1,0.006666666666666667
STEKSNITR,93,1,0.006666666666666667
TEKSNIIRG,94,148,0.9866666666666667
TEKSNIISG,94,1,0.006666666666666667
TEKSNITRG,94,1,0.006666666666666667
EKSNIIRGW,95,148,0.9866666666666667
EKSNIISGW,95,1,0.006666666666666667
EKSNITRGW,95,1,0.006666666666666667
KSNIIRGWI,96,148,0.9866666666666667
KSNIISGWI,96,1,0.006666666666666667
KSNITRGWI,96,1,0.006666666666666667
SNIIRGWIF,97,148,0.9866666666666667
SNIISGWIF,97,1,0.006666666666666667
SNITRGWIF,97,1,0.006666666666666667
NIIRGWIFG,98,148,0.9866666666666667
NIISGWIFG,98,1,0.006666666666666667
NITRGWIFG,98,1,0.006666666666666667
IIRGWIFGT,99,148,0.9866666666666667
IISGWIFGT,99,1,0.006666666666666667
ITRGWIFGT,99,1,0.006666666666666667
IRGWIFGTT,100,148,0.9866666666666667
ISGWIFGTT,100,1,0.006666666666666667
TRGWIFGTT,100,1,0.006666666666666667
RGWIFGTTL,101,149,0.9933333333333333
SGWIFGTTL,101,1,0.006666666666666667
GWIFGTTLD,102,149,0.9933333333333333
GWIFGTTLN,102,1,0.006666666666666667
WIFGTTLDS,103,149,0.9933333333333333
WIFGTTLNS,103,1,0.006666666666666667
IFGTTLDSK,104,149,0.9933333333333333
IFGTTLNSK,104,1,0.006666666666666667
FGTTLDSKT,105,149,0.9933333333333333
FGTTLNSKT,105,1,0.006666666666666667
GTTLDSKTQ,106,149,0.9933333333333333
GTTLNSKTQ,106,1,0.006666666666666667
TTLDSKTQS,107,149,0.9933333333333333
TTLNSKTQS,107,1,0.006666666666666667
TLDSKTQSL,108,149,0.9933333333333333
TLNSKTQSL,108,1,0.006666666666666667
LDSKTQSLL,109,149,0.9933333333333333
LNSKTQSLL,109,1,0.006666666666666667
DSKTQSLLI,110,149,0.9933333333333333
NSKTQSLLI,110,1,0.006666666666666667
SKTQSLLIV,111,150,1.0
KTQSLLIVN,112,150,1.0
TQSLLIVNN,113,150,1.0
QSLLIVNNA,114,150,1.0
SLLIVNNAT,115,150,1.0
LLIVNNATN,116,150,1.0
LIVNNATNV,117,150,1.0
IVNNATNVV,118,150,1.0
VNNATNVVI,119,150,1.0
NNATNVVIK,120,150,1.0
NATNVVIKV,121,150,1.0
ATNVVIKVC,122,150,1.0
TNVVIKVCE,123,150,1.0
NVVIKVCEF,124,150,1.0
VVIKVCEFQ,125,150,1.0
VIKVCEFQF,126,150,1.0
IKVCEFQFC,127,150,1.0
KVCEFQFCN,128,150,1.0
VCEFQFCND,129,149,0.9933333333333333
VCEFQFCNY,129,1,0.006666666666666667
CEFQFCNDP,130,149,0.9933333333333333
CEFQFCNYP,130,1,0.006666666666666667
EFQFCNDPF,131,149,0.9933333333333333
EFQFCNYPF,131,1,0.006666666666666667
FQFCNDPFL,132,149,0.9933333333333333
FQFCNYPFL,132,1,0.006666666666666667
QFCNDPFLG,133,147,0.98
QFCNDPFLD,133,1,0.006666666666666667
QFCNDPFLS,133,1,0.006666666666666667
QFCNYPFLG,133,1,0.006666666666666667
FCNDPFLGV,134,147,0.98
FCNDPFLDV,134,1,0.006666666666666667
FCNDPFLSV,134,1,0.006666666666666667
FCNYPFLGV,134,1,0.006666666666666667
CNDPFLGVY,135,147,0.98
CNDPFLSVY,135,1,0.006666666666666667
CNYPFLGVY,135,1,0.006666666666666667
NDPFLGVYY,136,146,0.9733333333333334
NDPFLSVYY,136,1,0.006666666666666667
NYPFLGVYY,136,1,0.006666666666666667
DPFLGVYYH,137,146,0.9733333333333334
DPFLSVYYH,137,1,0.006666666666666667
YPFLGVYYH,137,1,0.006666666666666667
PFLGVYYHK,138,147,0.98
PFLSVYYHK,138,1,0.006666666666666667
FLGVYYHKN,139,147,0.98
FLSVYYHKN,139,1,0.006666666666666667
LGVYYHKNN,140,146,0.9733333333333334
LSVYYHKNN,140,1,0.006666666666666667
GVYYHKNNK,141,146,0.9733333333333334
SVYYHKNNK,141,1,0.006666666666666667
VYYHKNNKS,142,147,0.98
YYHKNNKSW,143,146,0.9733333333333334
YYHKNNKSR,143,1,0.006666666666666667
YHKNNKSWM,144,146,0.9733333333333334
YHKNNKSRM,144,1,0.006666666666666667
YQKNNKSWM,144,1,0.006666666666666667
HKNNKSWME,145,146,0.9733333333333334
HKNNKSRME,145,1,0.006666666666666667
QKNNKSWME,145,1,0.006666666666666667
KNNKSWMES,146,147,0.98
KNNKSRMES,146,1,0.006666666666666667
NNKSWMESE,147,147,0.98
NNKSRMESE,147,1,0.006666666666666667
NKSWMESEF,148,147,0.98
NKSRMESEF,148,1,0.006666666666666667
NKSWMESEL,148,1,0.006666666666666667
KSWMESEFR,149,148,0.9866666666666667
KSRMESEFR,149,1,0.006666666666666667
KSWMESELR,149,1,0.006666666666666667
SWMESEFRV,150,148,0.9866666666666667
SRMESEFRV,150,1,0.006666666666666667
SWMESELRV,150,1,0.006666666666666667
WMESEFRVY,151,148,0.9866666666666667
RMESEFRVY,151,1,0.006666666666666667
WMESELRVY,151,1,0.006666666666666667
MESEFRVYS,152,149,0.9933333333333333
MESELRVYS,152,1,0.006666666666666667
ESEFRVYSS,153,149,0.9933333333333333
ESELRVYSS,153,1,0.006666666666666667
SEFRVYSSA,154,149,0.9933333333333333
SELRVYSSA,154,1,0.006666666666666667
EFRVYSSAN,155,149,0.9933333333333333
ELRVYSSAN,155,1,0.006666666666666667
FRVYSSANN,156,149,0.9933333333333333
LRVYSSANN,156,1,0.006666666666666667
RVYSSANNC,157,150,1.0
VYSSANNCT,158,150,1.0
YSSANNCTF,159,150,1.0
SSANNCTFE,160,150,1.0
SANNCTFEY,161,150,1.0
ANNCTFEYV,162,150,1.0
NNCTFEYVS,163,150,1.0
NCTFEYVSQ,164,150,1.0
CTFEYVSQP,165,150,1.0
TFEYVSQPF,166,150,1.0
FEYVSQPFL,167,149,0.9933333333333333
FEYVSQPFF,167,1,0.006666666666666667
EYVSQPFLM,168,149,0.9933333333333333
EYVSQPFFM,168,1,0.006666666666666667
YVSQPFLMD,169,148,0.9866666666666667
YVSQPFFMD,169,1,0.006666666666666667
YVSQPFLMN,169,1,0.006666666666666667
VSQPFLMDL,170,148,0.9866666666666667
VSQPFFMDL,170,1,0.006666666666666667
VSQPFLMNL,170,1,0.006666666666666667
SQPFLMDLE,171,148,0.9866666666666667
SQPFFMDLE,171,1,0.006666666666666667
SQPFLMNLE,171,1,0.006666666666666667
QPFLMDLEG,172,148,0.9866666666666667
QPFFMDLEG,172,1,0.006666666666666667
QPFLMNLEG,172,1,0.006666666666666667
PFLMDLEGK,173,148,0.9866666666666667
PFFMDLEGK,173,1,0.006666666666666667
PFLMNLEGK,173,1,0.006666666666666667
FLMDLEGKQ,174,147,0.98
FFMDLEGKQ,174,1,0.006666666666666667
FLMDLEGKE,174,1,0.006666666666666667
FLMNLEGKQ,174,1,0.006666666666666667
LMDLEGKQG,175,147,0.98
FMDLEGKQG,175,1,0.006666666666666667
LMDLEGKEG,175,1,0.006666666666666667
LMNLEGKQG,175,1,0.006666666666666667
MDLEGKQGN,176,148,0.9866666666666667
MNLEGKQGN,176,1,0.006666666666666667
DLEGKQGNF,177,148,0.9866666666666667
NLEGKQGNF,177,1,0.006666666666666667
LEGKQGNFK,178,149,0.9933333333333333
EGKQGNFKN,179,149,0.9933333333333333
GKQGNFKNL,180,149,0.9933333333333333
KQGNFKNLR,181,149,0.9933333333333333
QGNFKNLRE,182,149,0.9933333333333333
GNFKNLREF,183,149,0.9933333333333333
NFKNLREFV,184,149,0.9933333333333333
FKNLREFVF,185,149,0.9933333333333333
KNLREFVFK,186,150,1.0
NLREFVFKN,187,150,1.0
LREFVFKNI,188,150,1.0
REFVFKNID,189,150,1.0
EFVFKNIDG,190,149,0.9933333333333333
EFVFKNIDR,190,1,0.006666666666666667
FVFKNIDGY,191,149,0.9933333333333333
FVFKNIDRY,191,1,0.006666666666666667
VFKNIDGYF,192,149,0.9933333333333333
VFKNIDRYF,192,1,0.006666666666666667
FKNIDGYFK,193,149,0.9933333333333333
FKNIDRYFK,193,1,0.006666666666666667
KNIDGYFKI,194,149,0.9933333333333333
KNIDRYFKI,194,1,0.006666666666666667
NIDGYFKIY,195,149,0.9933333333333333
NIDRYFKIY,195,1,0.006666666666666667
IDGYFKIYS,196,149,0.9933333333333333
IDRYFKIYS,196,1,0.006666666666666667
DGYFKIYSK,197,149,0.9933333333333333
DRYFKIYSK,197,1,0.006666666666666667
GYFKIYSKH,198,149,0.9933333333333333
RYFKIYSKH,198,1,0.006666666666666667
YFKIYSKHT,199,150,1.0
FKIYSKHTP,200,150,1.0
KIYSKHTPI,201,150,1.0
IYSKHTPIN,202,150,1.0
YSKHTPINL,203,150,1.0
SKHTPINLV,204,148,0.9866666666666667
SKHTPINLE,204,1,0.006666666666666667
SKHTPINLL,204,1,0.006666666666666667
KHTPINLVR,205,148,0.9866666666666667
KHTPINLER,205,1,0.006666666666666667
KHTPINLLR,205,1,0.006666666666666667
HTPINLVRD,206,147,0.98
HTPINLERD,206,1,0.006666666666666667
HTPINLLRD,206,1,0.006666666666666667
HTPINLVRY,206,1,0.006666666666666667
TPINLVRDL,207,147,0.98
TPINLERDL,207,1,0.006666666666666667
TPINLLRDL,207,1,0.006666666666666667
TPINLVRYL,207,1,0.006666666666666667
PINLVRDLP,208,147,0.98
PINLERDLP,208,1,0.006666666666666667
PINLLRDLP,208,1,0.006666666666666667
PINLVRYLP,208,1,0.006666666666666667
INLVRDLPQ,209,147,0.98
INLERDLPQ,209,1,0.006666666666666667
INLLRDLPQ,209,1,0.006666666666666667
INLVRYLPQ,209,1,0.006666666666666667
NLVRDLPQG,210,147,0.98
NLERDLPQG,210,1,0.006666666666666667
NLLRDLPQG,210,1,0.006666666666666667
NLVRYLPQG,210,1,0.006666666666666667
LVRDLPQGF,211,147,0.98
LERDLPQGF,211,1,0.006666666666666667
LLRDLPQGF,211,1,0.006666666666666667
LVRYLPQGF,211,1,0.006666666666666667
VRDLPQGFS,212,147,0.98
ERDLPQGFS,212,1,0.006666666666666667
LRDLPQGFS,212,1,0.006666666666666667
VRYLPQGFS,212,1,0.006666666666666667
RDLPQGFSA,213,148,0.9866666666666667
RDLPQGFSV,213,1,0.006666666666666667
RYLPQGFSA,213,1,0.006666666666666667
DLPQGFSAL,214,148,0.9866666666666667
DLPQGFSVL,214,1,0.006666666666666667
YLPQGFSAL,214,1,0.006666666666666667
LPQGFSALE,215,149,0.9933333333333333
LPQGFSVLE,215,1,0.006666666666666667
PQGFSALEP,216,149,0.9933333333333333
PQGFSVLEP,216,1,0.006666666666666667
QGFSALEPL,217,149,0.9933333333333333
QGFSVLEPL,217,1,0.006666666666666667
GFSALEPLV,218,149,0.9933333333333333
GFSVLEPLV,218,1,0.006666666666666667
FSALEPLVD,219,149,0.9933333333333333
FSVLEPLVD,219,1,0.006666666666666667
SALEPLVDL,220,149,0.9933333333333333
SVLEPLVDL,220,1,0.006666666666666667
ALEPLVDLP,221,149,0.9933333333333333
VLEPLVDLP,221,1,0.006666666666666667
LEPLVDLPI,222,150,1.0
EPLVDLPIG,223,150,1.0
PLVDLPIGI,224,150,1.0
LVDLPIGIN,225,150,1.0
VDLPIGINI,226,150,1.0
DLPIGINIT,227,150,1.0
LPIGINITR,228,150,1.0
PIGINITRF,229,150,1.0
IGINITRFQ,230,150,1.0
GINITRFQT,231,150,1.0
INITRFQTL,232,150,1.0
NITRFQTLL,233,150,1.0
ITRFQTLLA,234,150,1.0
TRFQTLLAL,235,150,1.0
RFQTLLALH,236,150,1.0
FQTLLALHR,237,150,1.0
QTLLALHRS,238,150,1.0
TLLALHRSY,239,150,1.0
LLALHRSYL,240,150,1.0
LALHRSYLT,241,150,1.0
ALHRSYLTP,242,150,1.0
LHRSYLTPG,243,149,0.9933333333333333
LHRSYLTPV,243,1,0.006666666666666667
HRSYLTPGD,244,148,0.9866666666666667
HRSYLTPGG,244,1,0.006666666666666667
HRSYLTPVD,244,1,0.006666666666666667
RSYLTPGDS,245,148,0.9866666666666667
RSYLTPGGS,245,1,0.006666666666666667
RSYLTPVDS,245,1,0.006666666666666667
SYLTPGDSS,246,148,0.9866666666666667
SYLTPGGSS,246,1,0.006666666666666667
SYLTPVDSS,246,1,0.006666666666666667
YLTPGDSSS,247,148,0.9866666666666667
YLTPGGSSS,247,1,0.006666666666666667
YLTPVDSSS,247,1,0.006666666666666667
LTPGDSSSG,248,148,0.9866666666666667
LTPGGSSSG,248,1,0.006666666666666667
LTPVDSSSG,248,1,0.006666666666666667
TPGDSSSGW,249,148,0.9866666666666667
TPGGSSSGW,249,1,0.006666666666666667
TPVDSSSGW,249,1,0.006666666666666667
PGDSSSGWT,250,148,0.9866666666666667
PGGSSSGWT,250,1,0.006666666666666667
PVDSSSGWT,250,1,0.006666666666666667
GDSSSGWTA,251,148,0.9866666666666667
GGSSSGWTA,251,1,0.006666666666666667
VDSSSGWTA,251,1,0.006666666666666667
DSSSGWTAG,252,149,0.9933333333333333
GSSSGWTAG,252,1,0.006666666666666667
SSSGWTAGA,253,150,1.0
SSGWTAGAA,254,150,1.0
SGWTAGAAA,255,150,1.0
GWTAGAAAY,256,150,1.0
WTAGAAAYY,257,150,1.0
TAGAAAYYV,258,150,1.0
AGAAAYYVG,259,150,1.0
GAAAYYVGY,260,150,1.0
AAAYYVGYL,261,150,1.0
AAYYVGYLQ,262,150,1.0
AYYVGYLQP,263,150,1.0
YYVGYLQPR,264,150,1.0
YVGYLQPRT,265,150,1.0
VGYLQPRTF,266,150,1.0
GYLQPRTFL,267,150,1.0
YLQPRTFLL,268,150,1.0
LQPRTFLLK,269,150,1.0
QPRTFLLKY,270,150,1.0
PRTFLLKYN,271,150,1.0
RTFLLKYNE,272,150,1.0
TFLLKYNEN,273,150,1.0
FLLKYNENG,274,150,1.0
LLKYNENGT,275,150,1.0
LKYNENGTI,276,150,1.0
KYNENGTIT,277,150,1.0
YNENGTITD,278,150,1.0
NENGTITDA,279,150,1.0
ENGTITDAV,280,150,1.0
NGTITDAVD,281,150,1.0
GTITDAVDC,282,150,1.0
TITDAVDCA,283,150,1.0
ITDAVDCAL,284,150,1.0
TDAVDCALD,285,150,1.0
DAVDCALDP,286,150,1.0
AVDCALDPL,287,150,1.0
VDCALDPLS,288,150,1.0
DCALDPLSE,289,150,1.0
CALDPLSET,290,150,1.0
ALDPLSETK,291,150,1.0
LDPLSETKC,292,150,1.0
DPLSETKCT,293,150,1.0
PLSETKCTL,294,150,1.0
LSETKCTLK,295,150,1.0
SETKCTLKS,296,150,1.0
ETKCTLKSF,297,150,1.0
TKCTLKSFT,298,150,1.0
KCTLKSFTV,299,150,1.0
CTLKSFTVE,300,149,0.9933333333333333
CTLKSFTVQ,300,1,0.006666666666666667
TLKSFTVEK,301,149,0.9933333333333333
TLKSFTVQK,301,1,0.006666666666666667
LKSFTVEKG,302,149,0.9933333333333333
LKSFTVQKG,302,1,0.006666666666666667
KSFTVEKGI,303,149,0.9933333333333333
KSFTVQKGI,303,1,0.006666666666666667
SFTVEKGIY,304,149,0.9933333333333333
SFTVQKGIY,304,1,0.006666666666666667
FTVEKGIYQ,305,149,0.9933333333333333
FTVQKGIYQ,305,1,0.006666666666666667
TVEKGIYQT,306,149,0.9933333333333333
TVQKGIYQT,306,1,0.006666666666666667
VEKGIYQTS,307,149,0.9933333333333333
VQKGIYQTS,307,1,0.006666666666666667
EKGIYQTSN,308,149,0.9933333333333333
QKGIYQTSN,308,1,0.006666666666666667
KGIYQTSNF,309,150,1.0
GIYQTSNFR,310,150,1.0
IYQTSNFRV,311,150,1.0
YQTSNFRVQ,312,150,1.0
QTSNFRVQP,313,150,1.0
TSNFRVQPT,314,150,1.0
SNFRVQPTE,315,150,1.0
NFRVQPTES,316,150,1.0
FRVQPTESI,317,150,1.0
RVQPTESIV,318,150,1.0
VQPTESIVR,319,150,1.0
QPTESIVRF,320,150,1.0
PTESIVRFP,321,150,1.0
TESIVRFPN,322,150,1.0
ESIVRFPNI,323,150,1.0
SIVRFPNIT,324,150,1.0
IVRFPNITN,325,150,1.0
VRFPNITNL,326,150,1.0
RFPNITNLC,327,150,1.0
FPNITNLCP,328,150,1.0
PNITNLCPF,329,150,1.0
NITNLCPFG,330,149,0.9933333333333333
NITNLCPFH,330,1,0.006666666666666667
ITNLCPFGE,331,149,0.9933333333333333
ITNLCPFHE,331,1,0.006666666666666667
TNLCPFGEV,332,149,0.9933333333333333
TNLCPFHEV,332,1,0.006666666666666667
NLCPFGEVF,333,149,0.9933333333333333
NLCPFHEVF,333,1,0.006666666666666667
LCPFGEVFN,334,149,0.9933333333333333
LCPFHEVFN,334,1,0.006666666666666667
CPFGEVFNA,335,149,0.9933333333333333
CPFHEVFNA,335,1,0.006666666666666667
PFGEVFNAT,336,149,0.9933333333333333
PFHEVFNAT,336,1,0.006666666666666667
FGEVFNATR,337,149,0.9933333333333333
FHEVFNATT,337,1,0.006666666666666667
GEVFNATRF,338,149,0.9933333333333333
HEVFNATTF,338,1,0.006666666666666667
EVFNATRFA,339,149,0.9933333333333333
EVFNATTFA,339,1,0.006666666666666667
VFNATRFAS,340,149,0.9933333333333333
VFNATTFAS,340,1,0.006666666666666667
FNATRFASV,341,149,0.9933333333333333
FNATTFASV,341,1,0.006666666666666667
NATRFASVY,342,149,0.9933333333333333
NATTFASVY,342,1,0.006666666666666667
ATRFASVYA,343,149,0.9933333333333333
ATTFASVYA,343,1,0.006666666666666667
TRFASVYAW,344,149,0.9933333333333333
TTFASVYAW,344,1,0.006666666666666667
RFASVYAWN,345,149,0.9933333333333333
TFASVYAWN,345,1,0.006666666666666667
FASVYAWNR,346,150,1.0
ASVYAWNRK,347,150,1.0
SVYAWNRKR,348,150,1.0
VYAWNRKRI,349,150,1.0
YAWNRKRIS,350,150,1.0
AWNRKRISN,351,150,1.0
WNRKRISNC,352,150,1.0
NRKRISNCV,353,150,1.0
RKRISNCVA,354,150,1.0
KRISNCVAD,355,150,1.0
RISNCVADY,356,150,1.0
ISNCVADYS,357,150,1.0
SNCVADYSV,358,149,0.9933333333333333
SNCVADYSF,358,1,0.006666666666666667
NCVADYSVL,359,148,0.9866666666666667
NCVADYSFL,359,1,0.006666666666666667
NCVADYSVI,359,1,0.006666666666666667
CVADYSVLY,360,148,0.9866666666666667
CVADYSFLY,360,1,0.006666666666666667
CVADYSVIY,360,1,0.006666666666666667
VADYSVLYN,361,148,0.9866666666666667
VADYSFLYN,361,1,0.006666666666666667
VADYSVIYN,361,1,0.006666666666666667
ADYSVLYNS,362,148,0.9866666666666667
ADYSFLYNS,362,1,0.006666666666666667
ADYSVIYNF,362,1,0.006666666666666667
DYSVLYNSA,363,148,0.9866666666666667
DYSFLYNSA,363,1,0.006666666666666667
DYSVIYNFA,363,1,0.006666666666666667
YSVLYNSAS,364,148,0.9866666666666667
YSFLYNSAS,364,1,0.006666666666666667
YSVIYNFAP,364,1,0.006666666666666667
SVLYNSASF,365,148,0.9866666666666667
SFLYNSASF,365,1,0.006666666666666667
SVIYNFAPF,365,1,0.006666666666666667
VLYNSASFS,366,148,0.9866666666666667
FLYNSASFS,366,1,0.006666666666666667
VIYNFAPFF,366,1,0.006666666666666667
LYNSASFST,367,149,0.9933333333333333
IYNFAPFFA,367,1,0.006666666666666667
YNSASFSTF,368,149,0.9933333333333333
YNFAPFFAF,368,1,0.006666666666666667
NSASFSTFK,369,149,0.9933333333333333
NFAPFFAFK,369,1,0.006666666666666667
SASFSTFKC,370,149,0.9933333333333333
FAPFFAFKC,370,1,0.006666666666666667
ASFSTFKCY,371,149,0.9933333333333333
APFFAFKCY,371,1,0.006666666666666667
SFSTFKCYG,372,149,0.9933333333333333
PFFAFKCYG,372,1,0.006666666666666667
FSTFKCYGV,373,149,0.9933333333333333
FFAFKCYGV,373,1,0.006666666666666667
STFKCYGVS,374,149,0.9933333333333333
FAFKCYGVS,374,1,0.006666666666666667
TFKCYGVSP,375,149,0.9933333333333333
AFKCYGVSP,375,1,0.006666666666666667
FKCYGVSPT,376,150,1.0
KCYGVSPTK,377,150,1.0
CYGVSPTKL,378,150,1.0
YGVSPTKLN,379,150,1.0
GVSPTKLND,380,150,1.0
VSPTKLNDL,381,150,1.0
SPTKLNDLC,382,150,1.0
PTKLNDLCF,383,150,1.0
TKLNDLCFT,384,150,1.0
KLNDLCFTN,385,150,1.0
LNDLCFTNV,386,150,1.0
NDLCFTNVY,387,150,1.0
DLCFTNVYA,388,150,1.0
LCFTNVYAD,389,150,1.0
CFTNVYADS,390,150,1.0
FTNVYADSF,391,150,1.0
TNVYADSFV,392,150,1.0
NVYADSFVI,393,150,1.0
VYADSFVIR,394,150,1.0
YADSFVIRG,395,150,1.0
ADSFVIRGD,396,149,0.9933333333333333
ADSFVIRGN,396,1,0.006666666666666667
DSFVIRGDE,397,149,0.9933333333333333
DSFVIRGNE,397,1,0.006666666666666667
SFVIRGDEV,398,149,0.9933333333333333
SFVIRGNEV,398,1,0.006666666666666667
FVIRGDEVR,399,148,0.9866666666666667
FVIRGDEVK,399,1,0.006666666666666667
FVIRGNEVS,399,1,0.006666666666666667
VIRGDEVRQ,400,148,0.9866666666666667
VIRGDEVKQ,400,1,0.006666666666666667
VIRGNEVSQ,400,1,0.006666666666666667
IRGDEVRQI,401,148,0.9866666666666667
IRGDEVKQI,401,1,0.006666666666666667
IRGNEVSQI,401,1,0.006666666666666667
RGDEVRQIA,402,148,0.9866666666666667
RGDEVKQIA,402,1,0.006666666666666667
RGNEVSQIA,402,1,0.006666666666666667
GDEVRQIAP,403,148,0.9866666666666667
GDEVKQIAP,403,1,0.006666666666666667
GNEVSQIAP,403,1,0.006666666666666667
DEVRQIAPG,404,148,0.9866666666666667
DEVKQIAPG,404,1,0.006666666666666667
NEVSQIAPG,404,1,0.006666666666666667
EVRQIAPGQ,405,148,0.9866666666666667
EVKQIAPGQ,405,1,0.006666666666666667
EVSQIAPGQ,405,1,0.006666666666666667
VRQIAPGQT,406,148,0.9866666666666667
VKQIAPGQT,406,1,0.006666666666666667
VSQIAPGQT,406,1,0.006666666666666667
RQIAPGQTG,407,148,0.9866666666666667
KQIAPGQTG,407,1,0.006666666666666667
SQIAPGQTG,407,1,0.006666666666666667
QIAPGQTGK,408,149,0.9933333333333333
QIAPGQTGN,408,1,0.006666666666666667
IAPGQTGKI,409,149,0.9933333333333333
IAPGQTGNI,409,1,0.006666666666666667
APGQTGKIA,410,149,0.9933333333333333
APGQTGNIA,410,1,0.006666666666666667
PGQTGKIAD,411,149,0.9933333333333333
PGQTGNIAD,411,1,0.006666666666666667
GQTGKIADY,412,149,0.9933333333333333
GQTGNIADY,412,1,0.006666666666666667
QTGKIADYN,413,149,0.9933333333333333
QTGNIADYN,413,1,0.006666666666666667
TGKIADYNY,414,149,0.9933333333333333
TGNIADYNY,414,1,0.006666666666666667
GKIADYNYK,415,149,0.9933333333333333
GNIADYNYK,415,1,0.006666666666666667
KIADYNYKL,416,149,0.9933333333333333
NIADYNYKL,416,1,0.006666666666666667
IADYNYKLP,417,150,1.0
ADYNYKLPD,418,150,1.0
DYNYKLPDD,419,150,1.0
YNYKLPDDF,420,150,1.0
NYKLPDDFT,421,150,1.0
YKLPDDFTG,422,150,1.0
KLPDDFTGC,423,150,1.0
LPDDFTGCV,424,150,1.0
PDDFTGCVI,425,150,1.0
DDFTGCVIA,426,150,1.0
DFTGCVIAW,427,150,1.0
FTGCVIAWN,428,150,1.0
TGCVIAWNS,429,150,1.0
GCVIAWNSN,430,149,0.9933333333333333
GCVIAWNSK,430,1,0.006666666666666667
CVIAWNSNN,431,148,0.9866666666666667
CVIAWNSKN,431,1,0.006666666666666667
CVIAWNSNK,431,1,0.006666666666666667
VIAWNSNNL,432,148,0.9866666666666667
VIAWNSKNL,432,1,0.006666666666666667
VIAWNSNKL,432,1,0.006666666666666667
IAWNSNNLD,433,148,0.9866666666666667
IAWNSKNLD,433,1,0.006666666666666667
IAWNSNKLD,433,1,0.006666666666666667
AWNSNNLDS,434,148,0.9866666666666667
AWNSKNLDS,434,1,0.006666666666666667
AWNSNKLDS,434,1,0.006666666666666667
WNSNNLDSK,435,148,0.9866666666666667
WNSKNLDSK,435,1,0.006666666666666667
WNSNKLDSK,435,1,0.006666666666666667
NSNNLDSKV,436,148,0.9866666666666667
NSKNLDSKV,436,1,0.006666666666666667
NSNKLDSKP,436,1,0.006666666666666667
SNNLDSKVG,437,148,0.9866666666666667
SKNLDSKVG,437,1,0.006666666666666667
SNKLDSKPS,437,1,0.006666666666666667
NNLDSKVGG,438,148,0.9866666666666667
KNLDSKVGG,438,1,0.006666666666666667
NKLDSKPSG,438,1,0.006666666666666667
NLDSKVGGN,439,149,0.9933333333333333
KLDSKPSGN,439,1,0.006666666666666667
LDSKVGGNY,440,149,0.9933333333333333
LDSKPSGNY,440,1,0.006666666666666667
DSKVGGNYN,441,149,0.9933333333333333
DSKPSGNYN,441,1,0.006666666666666667
SKVGGNYNY,442,149,0.9933333333333333
SKPSGNYNY,442,1,0.006666666666666667
KVGGNYNYL,443,148,0.9866666666666667
KPSGNYNYL,443,1,0.006666666666666667
KVGGNYNYR,443,1,0.006666666666666667
VGGNYNYLY,444,148,0.9866666666666667
PSGNYNYLY,444,1,0.006666666666666667
VGGNYNYRY,444,1,0.006666666666666667
GGNYNYLYR,445,148,0.9866666666666667
GGNYNYRYR,445,1,0.006666666666666667
SGNYNYLYR,445,1,0.006666666666666667
GNYNYLYRL,446,149,0.9933333333333333
GNYNYRYRL,446,1,0.006666666666666667
NYNYLYRLF,447,149,0.9933333333333333
NYNYRYRLF,447,1,0.006666666666666667
YNYLYRLFR,448,149,0.9933333333333333
YNYRYRLFR,448,1,0.006666666666666667
NYLYRLFRK,449,149,0.9933333333333333
NYRYRLFRK,449,1,0.006666666666666667
YLYRLFRKS,450,149,0.9933333333333333
YRYRLFRKS,450,1,0.006666666666666667
LYRLFRKSN,451,148,0.9866666666666667
LYRLFRKSK,451,1,0.006666666666666667
RYRLFRKSN,451,1,0.006666666666666667
YRLFRKSNL,452,149,0.9933333333333333
YRLFRKSKL,452,1,0.006666666666666667
RLFRKSNLK,453,149,0.9933333333333333
RLFRKSKLK,453,1,0.006666666666666667
LFRKSNLKP,454,149,0.9933333333333333
LFRKSKLKP,454,1,0.006666666666666667
FRKSNLKPF,455,149,0.9933333333333333
FRKSKLKPF,455,1,0.006666666666666667
RKSNLKPFE,456,149,0.9933333333333333
RKSKLKPFE,456,1,0.006666666666666667
KSNLKPFER,457,149,0.9933333333333333
KSKLKPFER,457,1,0.006666666666666667
SNLKPFERD,458,149,0.9933333333333333
SKLKPFERD,458,1,0.006666666666666667
NLKPFERDI,459,149,0.9933333333333333
KLKPFERDI,459,1,0.006666666666666667
LKPFERDIS,460,150,1.0
KPFERDIST,461,150,1.0
PFERDISTE,462,150,1.0
FERDISTEI,463,150,1.0
ERDISTEIY,464,150,1.0
RDISTEIYQ,465,150,1.0
DISTEIYQA,466,150,1.0
ISTEIYQAG,467,150,1.0
STEIYQAGS,468,146,0.9733333333333334
STEIYQAGN,468,4,0.02666666666666667
TEIYQAGST,469,145,0.9666666666666667
TEIYQAGNT,469,3,0.02
TEIYQAGNK,469,1,0.006666666666666667
TEIYQAGSK,469,1,0.006666666666666667
EIYQAGSTP,470,145,0.9666666666666667
EIYQAGNTP,470,3,0.02
EIYQAGNKP,470,1,0.006666666666666667
EIYQAGSKP,470,1,0.006666666666666667
IYQAGSTPC,471,145,0.9666666666666667
IYQAGNTPC,471,3,0.02
IYQAGNKPC,471,1,0.006666666666666667
IYQAGSKPC,471,1,0.006666666666666667
YQAGSTPCN,472,145,0.9666666666666667
YQAGNTPCN,472,3,0.02
YQAGNKPCN,472,1,0.006666666666666667
YQAGSKPCN,472,1,0.006666666666666667
QAGSTPCNG,473,145,0.9666666666666667
QAGNTPCNG,473,3,0.02
QAGNKPCNG,473,1,0.006666666666666667
QAGSKPCNG,473,1,0.006666666666666667
AGSTPCNGV,474,145,0.9666666666666667
AGNTPCNGV,474,3,0.02
AGNKPCNGV,474,1,0.006666666666666667
AGSKPCNGV,474,1,0.006666666666666667
GSTPCNGVE,475,145,0.9666666666666667
GNTPCNGVE,475,3,0.02
GNKPCNGVA,475,1,0.006666666666666667
GSKPCNGVE,475,1,0.006666666666666667
STPCNGVEG,476,145,0.9666666666666667
NTPCNGVEG,476,3,0.02
NKPCNGVAG,476,1,0.006666666666666667
SKPCNGVEG,476,1,0.006666666666666667
TPCNGVEGF,477,148,0.9866666666666667
KPCNGVAGP,477,1,0.006666666666666667
KPCNGVEGF,477,1,0.006666666666666667
PCNGVEGFN,478,149,0.9933333333333333
PCNGVAGPN,478,1,0.006666666666666667
CNGVEGFNC,479,149,0.9933333333333333
CNGVAGPNC,479,1,0.006666666666666667
NGVEGFNCY,480,149,0.9933333333333333
NGVAGPNCY,480,1,0.006666666666666667
GVEGFNCYF,481,149,0.9933333333333333
GVAGPNCYS,481,1,0.006666666666666667
VEGFNCYFP,482,149,0.9933333333333333
VAGPNCYSP,482,1,0.006666666666666667
EGFNCYFPL,483,149,0.9933333333333333
AGPNCYSPL,483,1,0.006666666666666667
GFNCYFPLQ,484,149,0.9933333333333333
GPNCYSPLQ,484,1,0.006666666666666667
FNCYFPLQS,485,148,0.9866666666666667
FNCYFPLQP,485,1,0.006666666666666667
PNCYSPLQS,485,1,0.006666666666666667
NCYFPLQSY,486,148,0.9866666666666667
NCYFPLQPY,486,1,0.006666666666666667
NCYSPLQSY,486,1,0.006666666666666667
CYFPLQSYG,487,148,0.9866666666666667
CYFPLQPYG,487,1,0.006666666666666667
CYSPLQSYG,487,1,0.006666666666666667
YFPLQSYGF,488,148,0.9866666666666667
YFPLQPYGF,488,1,0.006666666666666667
YSPLQSYGF,488,1,0.006666666666666667
FPLQSYGFQ,489,148,0.9866666666666667
FPLQPYGFQ,489,1,0.006666666666666667
SPLQSYGFR,489,1,0.006666666666666667
PLQSYGFQP,490,148,0.9866666666666667
PLQPYGFQP,490,1,0.006666666666666667
PLQSYGFRP,490,1,0.006666666666666667
LQSYGFQPT,491,148,0.9866666666666667
LQPYGFQPT,491,1,0.006666666666666667
LQSYGFRPT,491,1,0.006666666666666667
QSYGFQPTN,492,147,0.98
QPYGFQPTN,492,1,0.006666666666666667
QSYGFQPTT,492,1,0.006666666666666667
QSYGFRPTY,492,1,0.006666666666666667
SYGFQPTNG,493,147,0.98
PYGFQPTNG,493,1,0.006666666666666667
SYGFQPTTG,493,1,0.006666666666666667
SYGFRPTYG,493,1,0.006666666666666667
YGFQPTNGV,494,148,0.9866666666666667
YGFQPTTGV,494,1,0.006666666666666667
YGFRPTYGV,494,1,0.006666666666666667
GFQPTNGVG,495,148,0.9866666666666667
GFQPTTGVG,495,1,0.006666666666666667
GFRPTYGVG,495,1,0.006666666666666667
FQPTNGVGY,496,148,0.9866666666666667
FQPTTGVGY,496,1,0.006666666666666667
FRPTYGVGH,496,1,0.006666666666666667
QPTNGVGYQ,497,148,0.9866666666666667
QPTTGVGYQ,497,1,0.006666666666666667
RPTYGVGHQ,497,1,0.006666666666666667
PTNGVGYQP,498,148,0.9866666666666667
PTTGVGYQP,498,1,0.006666666666666667
PTYGVGHQP,498,1,0.006666666666666667
TNGVGYQPY,499,148,0.9866666666666667
TTGVGYQPY,499,1,0.006666666666666667
TYGVGHQPY,499,1,0.006666666666666667
NGVGYQPYR,500,148,0.9866666666666667
TGVGYQPYR,500,1,0.006666666666666667
YGVGHQPYR,500,1,0.006666666666666667
GVGYQPYRV,501,149,0.9933333333333333
GVGHQPYRV,501,1,0.006666666666666667
VGYQPYRVV,502,149,0.9933333333333333
VGHQPYRVV,502,1,0.006666666666666667
GYQPYRVVV,503,149,0.9933333333333333
GHQPYRVVV,503,1,0.006666666666666667
YQPYRVVVL,504,149,0.9933333333333333
HQPYRVVVL,504,1,0.006666666666666667
QPYRVVVLS,505,150,1.0
PYRVVVLSF,506,150,1.0
YRVVVLSFE,507,150,1.0
RVVVLSFEL,508,150,1.0
VVVLSFELL,509,150,1.0
VVLSFELLH,510,150,1.0
VLSFELLHA,511,149,0.9933333333333333
VLSFELLHS,511,1,0.006666666666666667
LSFELLHAP,512,149,0.9933333333333333
LSFELLHSP,512,1,0.006666666666666667
SFELLHAPA,513,149,0.9933333333333333
SFELLHSPA,513,1,0.006666666666666667
FELLHAPAT,514,149,0.9933333333333333
FELLHSPAT,514,1,0.006666666666666667
ELLHAPATV,515,149,0.9933333333333333
ELLHSPATV,515,1,0.006666666666666667
LLHAPATVC,516,149,0.9933333333333333
LLHSPATVC,516,1,0.006666666666666667
LHAPATVCG,517,149,0.9933333333333333
LHSPATVCG,517,1,0.006666666666666667
HAPATVCGP,518,149,0.9933333333333333
HSPATVCGP,518,1,0.006666666666666667
APATVCGPK,519,148,0.9866666666666667
SPATVCGPK,519,1,0.006666666666666667
PATVCGPKK,520,148,0.9866666666666667
PATVCGPKR,520,1,0.006666666666666667
ATVCGPKKS,521,148,0.9866666666666667
ATVCGPKRS,521,1,0.006666666666666667
TVCGPKKST,522,148,0.9866666666666667
TVCGPKRST,522,1,0.006666666666666667
VCGPKKSTN,523,148,0.9866666666666667
VCGPKRSTN,523,1,0.006666666666666667
CGPKKSTNL,524,148,0.9866666666666667
CGPKRSTNL,524,1,0.006666666666666667
GPKKSTNLV,525,148,0.9866666666666667
GPKRSTNLV,525,1,0.006666666666666667
PKKSTNLVK,526,148,0.9866666666666667
PKRSTNLVK,526,1,0.006666666666666667
KKSTNLVKN,527,148,0.9866666666666667
KRSTNLVKN,527,1,0.006666666666666667
KSTNLVKNK,528,149,0.9933333333333333
RSTNLVKNK,528,1,0.006666666666666667
STNLVKNKC,529,150,1.0
TNLVKNKCV,530,150,1.0
NLVKNKCVN,531,150,1.0
LVKNKCVNF,532,150,1.0
VKNKCVNFN,533,150,1.0
KNKCVNFNF,534,150,1.0
NKCVNFNFN,535,150,1.0
KCVNFNFNG,536,150,1.0
CVNFNFNGL,537,150,1.0
VNFNFNGLT,538,150,1.0
NFNFNGLTG,539,150,1.0
FNFNGLTGT,540,150,1.0
NFNGLTGTG,541,150,1.0
FNGLTGTGV,542,150,1.0
NGLTGTGVL,543,150,1.0
GLTGTGVLT,544,150,1.0
LTGTGVLTE,545,150,1.0
TGTGVLTES,546,150,1.0
GTGVLTESN,547,150,1.0
TGVLTESNK,548,150,1.0
GVLTESNKK,549,150,1.0
VLTESNKKF,550,150,1.0
LTESNKKFL,551,150,1.0
TESNKKFLP,552,150,1.0
ESNKKFLPF,553,150,1.0
SNKKFLPFQ,554,150,1.0
NKKFLPFQQ,555,150,1.0
KKFLPFQQF,556,150,1.0
KFLPFQQFG,557,150,1.0
FLPFQQFGR,558,150,1.0
LPFQQFGRD,559,150,1.0
PFQQFGRDI,560,150,1.0
FQQFGRDIA,561,150,1.0
QQFGRDIAD,562,150,1.0
QFGRDIADT,563,150,1.0
FGRDIADTT,564,150,1.0
GRDIADTTD,565,150,1.0
RDIADTTDA,566,150,1.0
DIADTTDAV,567,150,1.0
IADTTDAVR,568,150,1.0
ADTTDAVRD,569,150,1.0
DTTDAVRDP,570,150,1.0
TTDAVRDPQ,571,150,1.0
TDAVRDPQT,572,150,1.0
DAVRDPQTL,573,150,1.0
AVRDPQTLE,574,150,1.0
VRDPQTLEI,575,150,1.0
RDPQTLEIL,576,150,1.0
DPQTLEILD,577,150,1.0
PQTLEILDI,578,150,1.0
QTLEILDIT,579,150,1.0
TLEILDITP,580,150,1.0
LEILDITPC,581,150,1.0
EILDITPCS,582,150,1.0
ILDITPCSF,583,150,1.0
LDITPCSFG,584,150,1.0
DITPCSFGG,585,150,1.0
ITPCSFGGV,586,150,1.0
TPCSFGGVS,587,150,1.0
PCSFGGVSV,588,150,1.0
CSFGGVSVI,589,150,1.0
SFGGVSVIT,590,150,1.0
FGGVSVITP,591,150,1.0
GGVSVITPG,592,150,1.0
GVSVITPGT,593,150,1.0
VSVITPGTN,594,150,1.0
SVITPGTNT,595,150,1.0
VITPGTNTS,596,150,1.0
ITPGTNTSN,597,150,1.0
TPGTNTSNQ,598,150,1.0
PGTNTSNQV,599,150,1.0
GTNTSNQVA,600,150,1.0
TNTSNQVAV,601,150,1.0
NTSNQVAVL,602,150,1.0
TSNQVAVLY,603,150,1.0
SNQVAVLYQ,604,149,0.9933333333333333
SNQVAVLYH,604,1,0.006666666666666667
NQVAVLYQG,605,131,0.8733333333333333
NQVAVLYQD,605,18,0.12
NQVAVLYHD,605,1,0.006666666666666667
QVAVLYQGV,606,131,0.8733333333333333
QVAVLYQDV,606,18,0.12
QVAVLYHDV,606,1,0.006666666666666667
VAVLYQGVN,607,131,0.8733333333333333
VAVLYQDVN,607,18,0.12
VAVLYHDVN,607,1,0.006666666666666667
AVLYQGVNC,608,131,0.8733333333333333
AVLYQDVNC,608,18,0.12
AVLYHDVNC,608,1,0.006666666666666667
VLYQGVNCT,609,131,0.8733333333333333
VLYQDVNCT,609,18,0.12
VLYHDVNCT,609,1,0.006666666666666667
LYQGVNCTE,610,131,0.8733333333333333
LYQDVNCTE,610,18,0.12
LYHDVNCTE,610,1,0.006666666666666667
YQGVNCTEV,611,131,0.8733333333333333
YQDVNCTEV,611,18,0.12
YHDVNCTEV,611,1,0.006666666666666667
QGVNCTEVP,612,131,0.8733333333333333
QDVNCTEVP,612,18,0.12
HDVNCTEVP,612,1,0.006666666666666667
GVNCTEVPV,613,131,0.8733333333333333
DVNCTEVPV,613,19,0.12666666666666668
VNCTEVPVA,614,150,1.0
NCTEVPVAI,615,150,1.0
CTEVPVAIH,616,150,1.0
TEVPVAIHA,617,150,1.0
EVPVAIHAD,618,150,1.0
VPVAIHADQ,619,150,1.0
PVAIHADQL,620,150,1.0
VAIHADQLT,621,150,1.0
AIHADQLTP,622,150,1.0
IHADQLTPT,623,150,1.0
HADQLTPTW,624,150,1.0
ADQLTPTWR,625,150,1.0
DQLTPTWRV,626,150,1.0
QLTPTWRVY,627,150,1.0
LTPTWRVYS,628,150,1.0
TPTWRVYST,629,150,1.0
PTWRVYSTG,630,150,1.0
TWRVYSTGS,631,150,1.0
WRVYSTGSN,632,150,1.0
RVYSTGSNV,633,150,1.0
VYSTGSNVF,634,150,1.0
YSTGSNVFQ,635,150,1.0
STGSNVFQT,636,150,1.0
TGSNVFQTR,637,150,1.0
GSNVFQTRA,638,150,1.0
SNVFQTRAG,639,150,1.0
NVFQTRAGC,640,150,1.0
VFQTRAGCL,641,150,1.0
FQTRAGCLI,642,150,1.0
QTRAGCLIG,643,150,1.0
TRAGCLIGA,644,150,1.0
RAGCLIGAE,645,149,0.9933333333333333
RAGCLIGAV,645,1,0.006666666666666667
AGCLIGAEH,646,148,0.9866666666666667
AGCLIGAEY,646,1,0.006666666666666667
AGCLIGAVH,646,1,0.006666666666666667
GCLIGAEHV,647,148,0.9866666666666667
GCLIGAEYV,647,1,0.006666666666666667
GCLIGAVHV,647,1,0.006666666666666667
CLIGAEHVN,648,148,0.9866666666666667
CLIGAEYVN,648,1,0.006666666666666667
CLIGAVHVN,648,1,0.006666666666666667
LIGAEHVNN,649,148,0.9866666666666667
LIGAEYVNN,649,1,0.006666666666666667
LIGAVHVNN,649,1,0.006666666666666667
IGAEHVNNS,650,148,0.9866666666666667
IGAEYVNNS,650,1,0.006666666666666667
IGAVHVNNS,650,1,0.006666666666666667
GAEHVNNSY,651,148,0.9866666666666667
GAEYVNNSY,651,1,0.006666666666666667
GAVHVNNSY,651,1,0.006666666666666667
AEHVNNSYE,652,148,0.9866666666666667
AEYVNNSYE,652,1,0.006666666666666667
AVHVNNSYE,652,1,0.006666666666666667
EHVNNSYEC,653,148,0.9866666666666667
EYVNNSYEC,653,1,0.006666666666666667
VHVNNSYEC,653,1,0.006666666666666667
HVNNSYECD,654,149,0.9933333333333333
YVNNSYECD,654,1,0.006666666666666667
VNNSYECDI,655,150,1.0
NNSYECDIP,656,150,1.0
NSYECDIPI,657,150,1.0
SYECDIPIG,658,150,1.0
YECDIPIGA,659,150,1.0
ECDIPIGAG,660,150,1.0
CDIPIGAGI,661,150,1.0
DIPIGAGIC,662,150,1.0
IPIGAGICA,663,150,1.0
PIGAGICAS,664,150,1.0
IGAGICASY,665,150,1.0
GAGICASYQ,666,148,0.9866666666666667
GAGICASYH,666,1,0.006666666666666667
GAGICASYR,666,1,0.006666666666666667
AGICASYQT,667,148,0.9866666666666667
AGICASYHT,667,1,0.006666666666666667
AGICASYRT,667,1,0.006666666666666667
GICASYQTQ,668,147,0.98
GICASYHTQ,668,1,0.006666666666666667
GICASYQTP,668,1,0.006666666666666667
GICASYRTQ,668,1,0.006666666666666667
ICASYQTQT,669,147,0.98
ICASYHTQS,669,1,0.006666666666666667
ICASYQTPT,669,1,0.006666666666666667
ICASYRTQT,669,1,0.006666666666666667
CASYQTQTN,670,144,0.96
CASYQTQTK,670,2,0.013333333333333334
CASYHTQSN,670,1,0.006666666666666667
CASYQTPTN,670,1,0.006666666666666667
CASYQTQTY,670,1,0.006666666666666667
CASYRTQTN,670,1,0.006666666666666667
ASYQTQTNS,671,144,0.96
ASYQTQTKS,671,2,0.013333333333333334
ASYHTQSNS,671,1,0.006666666666666667
ASYQTPTNS,671,1,0.006666666666666667
ASYQTQTYS,671,1,0.006666666666666667
ASYRTQTNS,671,1,0.006666666666666667
SYQTQTNSP,672,137,0.9133333333333333
SYQTQTNSH,672,6,0.04
SYHTQSNSP,672,1,0.006666666666666667
SYQTPTNSP,672,1,0.006666666666666667
SYQTQTKSH,672,1,0.006666666666666667
SYQTQTKSP,672,1,0.006666666666666667
SYQTQTNSR,672,1,0.006666666666666667
SYQTQTYSP,672,1,0.006666666666666667
SYRTQTNSP,672,1,0.006666666666666667
YQTQTNSPR,673,137,0.9133333333333333
YQTQTNSHR,673,6,0.04
YHTQSNSPR,673,1,0.006666666666666667
YQTPTNSPR,673,1,0.006666666666666667
YQTQTKSHR,673,1,0.006666666666666667
YQTQTKSPR,673,1,0.006666666666666667
YQTQTNSRR,673,1,0.006666666666666667
YQTQTYSPR,673,1,0.006666666666666667
YRTQTNSPR,673,1,0.006666666666666667
QTQTNSPRR,674,137,0.9133333333333333
QTQTNSHRR,674,6,0.04
HTQSNSPRR,674,1,0.006666666666666667
QTPTNSPRR,674,1,0.006666666666666667
QTQTKSHRR,674,1,0.006666666666666667
QTQTKSPRR,674,1,0.006666666666666667
QTQTNSRRR,674,1,0.006666666666666667
QTQTYSPRR,674,1,0.006666666666666667
RTQTNSPRR,674,1,0.006666666666666667
TQTNSPRRA,675,138,0.92
TQTNSHRRA,675,6,0.04
TPTNSPRRA,675,1,0.006666666666666667
TQSNSPRRA,675,1,0.006666666666666667
TQTKSHRRA,675,1,0.006666666666666667
TQTKSPRRA,675,1,0.006666666666666667
TQTNSRRRA,675,1,0.006666666666666667
TQTYSPRRA,675,1,0.006666666666666667
QTNSPRRAR,676,138,0.92
QTNSHRRAR,676,6,0.04
PTNSPRRAR,676,1,0.006666666666666667
QSNSPRRAR,676,1,0.006666666666666667
QTKSHRRAR,676,1,0.006666666666666667
QTKSPRRAR,676,1,0.006666666666666667
QTNSRRRAR,676,1,0.006666666666666667
QTYSPRRAR,676,1,0.006666666666666667
TNSPRRARS,677,139,0.9266666666666666
TNSHRRARS,677,6,0.04
SNSPRRARS,677,1,0.006666666666666667
TKSHRRARS,677,1,0.006666666666666667
TKSPRRARS,677,1,0.006666666666666667
TNSRRRARS,677,1,0.006666666666666667
TYSPRRARS,677,1,0.006666666666666667
NSPRRARSV,678,140,0.9333333333333333
NSHRRARSV,678,6,0.04
KSHRRARSV,678,1,0.006666666666666667
KSPRRARSV,678,1,0.006666666666666667
NSRRRARSV,678,1,0.006666666666666667
YSPRRARSV,678,1,0.006666666666666667
SPRRARSVA,679,142,0.9466666666666667
SHRRARSVA,679,7,0.04666666666666667
SRRRARSVA,679,1,0.006666666666666667
PRRARSVAS,680,141,0.94
HRRARSVAS,680,7,0.04666666666666667
PRRARSVAI,680,1,0.006666666666666667
RRRARSVAS,680,1,0.006666666666666667
RRARSVASQ,681,149,0.9933333333333333
RRARSVAIQ,681,1,0.006666666666666667
RARSVASQS,682,149,0.9933333333333333
RARSVAIQS,682,1,0.006666666666666667
ARSVASQSI,683,149,0.9933333333333333
ARSVAIQSI,683,1,0.006666666666666667
RSVASQSII,684,149,0.9933333333333333
RSVAIQSII,684,1,0.006666666666666667
SVASQSIIA,685,149,0.9933333333333333
SVAIQSIIA,685,1,0.006666666666666667
VASQSIIAY,686,149,0.9933333333333333
VAIQSIIAY,686,1,0.006666666666666667
ASQSIIAYT,687,149,0.9933333333333333
AIQSIIAYT,687,1,0.006666666666666667
SQSIIAYTM,688,149,0.9933333333333333
IQSIIAYTM,688,1,0.006666666666666667
QSIIAYTMS,689,150,1.0
SIIAYTMSL,690,150,1.0
IIAYTMSLG,691,150,1.0
IAYTMSLGA,692,150,1.0
AYTMSLGAE,693,150,1.0
YTMSLGAEN,694,150,1.0
TMSLGAENS,695,150,1.0
MSLGAENSV,696,150,1.0
SLGAENSVA,697,150,1.0
LGAENSVAY,698,150,1.0
GAENSVAYS,699,150,1.0
AENSVAYSN,700,150,1.0
ENSVAYSNN,701,150,1.0
NSVAYSNNS,702,150,1.0
SVAYSNNSI,703,150,1.0
VAYSNNSIA,704,150,1.0
AYSNNSIAI,705,150,1.0
YSNNSIAIP,706,150,1.0
SNNSIAIPT,707,150,1.0
NNSIAIPTN,708,150,1.0
NSIAIPTNF,709,150,1.0
SIAIPTNFT,710,150,1.0
IAIPTNFTI,711,150,1.0
AIPTNFTIS,712,150,1.0
IPTNFTISV,713,150,1.0
PTNFTISVT,714,150,1.0
TNFTISVTT,715,150,1.0
NFTISVTTE,716,150,1.0
FTISVTTEI,717,150,1.0
TISVTTEIL,718,150,1.0
ISVTTEILP,719,150,1.0
SVTTEILPV,720,150,1.0
VTTEILPVS,721,150,1.0
TTEILPVSM,722,150,1.0
TEILPVSMT,723,148,0.9866666666666667
TEILPVSMA,723,2,0.013333333333333334
EILPVSMTK,724,148,0.9866666666666667
EILPVSMAK,724,2,0.013333333333333334
ILPVSMTKT,725,148,0.9866666666666667
ILPVSMAKT,725,2,0.013333333333333334
LPVSMTKTS,726,148,0.9866666666666667
LPVSMAKTS,726,2,0.013333333333333334
PVSMTKTSV,727,148,0.9866666666666667
PVSMAKTSV,727,2,0.013333333333333334
VSMTKTSVD,728,148,0.9866666666666667
VSMAKTSVD,728,2,0.013333333333333334
SMTKTSVDC,729,148,0.9866666666666667
SMAKTSVDC,729,2,0.013333333333333334
MTKTSVDCT,730,148,0.9866666666666667
MAKTSVDCT,730,2,0.013333333333333334
TKTSVDCTM,731,148,0.9866666666666667
AKTSVDCTM,731,2,0.013333333333333334
KTSVDCTMY,732,150,1.0
TSVDCTMYI,733,150,1.0
SVDCTMYIC,734,150,1.0
VDCTMYICG,735,150,1.0
DCTMYICGD,736,150,1.0
CTMYICGDS,737,149,0.9933333333333333
TMYICGDST,738,149,0.9933333333333333
MYICGDSTE,739,149,0.9933333333333333
YICGDSTEC,740,149,0.9933333333333333
ICGDSTECS,741,149,0.9933333333333333
CGDSTECSN,742,149,0.9933333333333333
GDSTECSNL,743,149,0.9933333333333333
DSTECSNLL,744,149,0.9933333333333333
STECSNLLL,745,149,0.9933333333333333
TECSNLLLQ,746,150,1.0
ECSNLLLQY,747,150,1.0
CSNLLLQYG,748,150,1.0
SNLLLQYGS,749,150,1.0
NLLLQYGSF,750,149,0.9933333333333333
LLLQYGSFC,751,149,0.9933333333333333
LLQYGSFCT,752,149,0.9933333333333333
LQYGSFCTQ,753,149,0.9933333333333333
QYGSFCTQL,754,149,0.9933333333333333
YGSFCTQLN,755,148,0.9866666666666667
YGSFCTQLK,755,1,0.006666666666666667
GSFCTQLNR,756,148,0.9866666666666667
GSFCTQLKR,756,1,0.006666666666666667
SFCTQLNRA,757,148,0.9866666666666667
SFCTQLKRA,757,1,0.006666666666666667
FCTQLNRAL,758,148,0.9866666666666667
FCTQLKRAL,758,1,0.006666666666666667
CTQLNRALT,759,148,0.9866666666666667
CTQLKRALT,759,1,0.006666666666666667
TQLNRALTG,760,149,0.9933333333333333
TQLKRALTG,760,1,0.006666666666666667
QLNRALTGI,761,149,0.9933333333333333
QLKRALTGI,761,1,0.006666666666666667
LNRALTGIA,762,149,0.9933333333333333
LKRALTGIA,762,1,0.006666666666666667
NRALTGIAV,763,149,0.9933333333333333
KRALTGIAV,763,1,0.006666666666666667
RALTGIAVE,764,150,1.0
ALTGIAVEQ,765,150,1.0
LTGIAVEQD,766,150,1.0
TGIAVEQDK,767,150,1.0
GIAVEQDKN,768,150,1.0
IAVEQDKNT,769,150,1.0
AVEQDKNTQ,770,150,1.0
VEQDKNTQE,771,147,0.98
VEQDKNTQQ,771,3,0.02
EQDKNTQEV,772,147,0.98
EQDKNTQQV,772,3,0.02
QDKNTQEVF,773,147,0.98
QDKNTQQVF,773,3,0.02
DKNTQEVFA,774,147,0.98
DKNTQQVFA,774,3,0.02
KNTQEVFAQ,775,147,0.98
KNTQQVFAQ,775,3,0.02
NTQEVFAQV,776,147,0.98
NTQQVFAQV,776,3,0.02
TQEVFAQVK,777,146,0.9733333333333334
TQQVFAQVK,777,3,0.02
TQEVFAQVQ,777,1,0.006666666666666667
QEVFAQVKQ,778,146,0.9733333333333334
QQVFAQVKQ,778,3,0.02
QEVFAQVQQ,778,1,0.006666666666666667
EVFAQVKQI,779,146,0.9733333333333334
QVFAQVKQI,779,3,0.02
EVFAQVQQI,779,1,0.006666666666666667
VFAQVKQIY,780,149,0.9933333333333333
VFAQVQQIY,780,1,0.006666666666666667
FAQVKQIYK,781,149,0.9933333333333333
FAQVQQIYK,781,1,0.006666666666666667
AQVKQIYKT,782,149,0.9933333333333333
AQVQQIYKT,782,1,0.006666666666666667
QVKQIYKTP,783,149,0.9933333333333333
QVQQIYKTP,783,1,0.006666666666666667
VKQIYKTPP,784,149,0.9933333333333333
VQQIYKTPP,784,1,0.006666666666666667
KQIYKTPPI,785,149,0.9933333333333333
QQIYKTPPI,785,1,0.006666666666666667
QIYKTPPIK,786,150,1.0
IYKTPPIKD,787,149,0.9933333333333333
IYKTPPIKY,787,1,0.006666666666666667
YKTPPIKDF,788,149,0.9933333333333333
YKTPPIKYF,788,1,0.006666666666666667
KTPPIKDFG,789,149,0.9933333333333333
KTPPIKYFG,789,1,0.006666666666666667
TPPIKDFGG,790,149,0.9933333333333333
TPPIKYFGG,790,1,0.006666666666666667
PPIKDFGGF,791,149,0.9933333333333333
PPIKYFGGF,791,1,0.006666666666666667
PIKDFGGFN,792,148,0.9866666666666667
PIKYFGGFN,792,1,0.006666666666666667
IKDFGGFNF,793,148,0.9866666666666667
IKYFGGFNF,793,1,0.006666666666666667
KDFGGFNFS,794,148,0.9866666666666667
KYFGGFNFS,794,1,0.006666666666666667
DFGGFNFSQ,795,148,0.9866666666666667
YFGGFNFSQ,795,1,0.006666666666666667
FGGFNFSQI,796,149,0.9933333333333333
GGFNFSQIL,797,149,0.9933333333333333
GFNFSQILP,798,149,0.9933333333333333
FNFSQILPD,799,149,0.9933333333333333
NFSQILPDP,800,149,0.9933333333333333
FSQILPDPS,801,150,1.0
SQILPDPSK,802,150,1.0
QILPDPSKP,803,150,1.0
ILPDPSKPS,804,150,1.0
LPDPSKPSK,805,150,1.0
PDPSKPSKR,806,150,1.0
DPSKPSKRS,807,150,1.0
PSKPSKRSF,808,150,1.0
SKPSKRSFI,809,150,1.0
KPSKRSFIE,810,150,1.0
PSKRSFIED,811,150,1.0
SKRSFIEDL,812,150,1.0
KRSFIEDLL,813,150,1.0
RSFIEDLLF,814,150,1.0
SFIEDLLFN,815,150,1.0
FIEDLLFNK,816,150,1.0
IEDLLFNKV,817,150,1.0
EDLLFNKVT,818,150,1.0
DLLFNKVTL,819,150,1.0
LLFNKVTLA,820,150,1.0
LFNKVTLAD,821,150,1.0
FNKVTLADA,822,150,1.0
NKVTLADAG,823,150,1.0
KVTLADAGF,824,150,1.0
VTLADAGFI,825,150,1.0
TLADAGFIK,826,150,1.0
LADAGFIKQ,827,150,1.0
ADAGFIKQY,828,150,1.0
DAGFIKQYG,829,150,1.0
AGFIKQYGD,830,150,1.0
GFIKQYGDC,831,150,1.0
FIKQYGDCL,832,150,1.0
IKQYGDCLG,833,150,1.0
KQYGDCLGD,834,150,1.0
QYGDCLGDI,835,150,1.0
YGDCLGDIA,836,150,1.0
GDCLGDIAA,837,150,1.0
DCLGDIAAR,838,149,0.9933333333333333
DCLGDIAAK,838,1,0.006666666666666667
CLGDIAARD,839,149,0.9933333333333333
CLGDIAAKD,839,1,0.006666666666666667
LGDIAARDL,840,149,0.9933333333333333
LGDIAAKDL,840,1,0.006666666666666667
GDIAARDLI,841,149,0.9933333333333333
GDIAAKDLI,841,1,0.006666666666666667
DIAARDLIC,842,149,0.9933333333333333
DIAAKDLIC,842,1,0.006666666666666667
IAARDLICA,843,149,0.9933333333333333
IAAKDLICA,843,1,0.006666666666666667
AARDLICAQ,844,149,0.9933333333333333
AAKDLICAQ,844,1,0.006666666666666667
ARDLICAQK,845,149,0.9933333333333333
AKDLICAQK,845,1,0.006666666666666667
RDLICAQKF,846,149,0.9933333333333333
KDLICAQKF,846,1,0.006666666666666667
DLICAQKFN,847,149,0.9933333333333333
DLICAQKFS,847,1,0.006666666666666667
LICAQKFNG,848,149,0.9933333333333333
LICAQKFSG,848,1,0.006666666666666667
ICAQKFNGL,849,149,0.9933333333333333
ICAQKFSGL,849,1,0.006666666666666667
CAQKFNGLT,850,149,0.9933333333333333
CAQKFSGLT,850,1,0.006666666666666667
AQKFNGLTV,851,149,0.9933333333333333
AQKFSGLTV,851,1,0.006666666666666667
QKFNGLTVL,852,149,0.9933333333333333
QKFSGLTVL,852,1,0.006666666666666667
KFNGLTVLP,853,149,0.9933333333333333
KFSGLTVLP,853,1,0.006666666666666667
FNGLTVLPP,854,149,0.9933333333333333
FSGLTVLPP,854,1,0.006666666666666667
NGLTVLPPL,855,149,0.9933333333333333
SGLTVLPPL,855,1,0.006666666666666667
GLTVLPPLL,856,149,0.9933333333333333
LTVLPPLLT,857,149,0.9933333333333333
TVLPPLLTD,858,149,0.9933333333333333
VLPPLLTDE,859,149,0.9933333333333333
LPPLLTDEM,860,149,0.9933333333333333
PPLLTDEMI,861,149,0.9933333333333333
PLLTDEMIA,862,149,0.9933333333333333
LLTDEMIAQ,863,149,0.9933333333333333
LTDEMIAQY,864,149,0.9933333333333333
TDEMIAQYT,865,150,1.0
DEMIAQYTS,866,150,1.0
EMIAQYTSA,867,150,1.0
MIAQYTSAL,868,150,1.0
IAQYTSALL,869,150,1.0
AQYTSALLA,870,149,0.9933333333333333
AQYTSALLS,870,1,0.006666666666666667
QYTSALLAG,871,149,0.9933333333333333
QYTSALLSG,871,1,0.006666666666666667
YTSALLAGT,872,149,0.9933333333333333
YTSALLSGT,872,1,0.006666666666666667
TSALLAGTI,873,149,0.9933333333333333
TSALLSGTI,873,1,0.006666666666666667
SALLAGTIT,874,149,0.9933333333333333
SALLSGTIT,874,1,0.006666666666666667
ALLAGTITS,875,149,0.9933333333333333
ALLSGTITS,875,1,0.006666666666666667
LLAGTITSG,876,149,0.9933333333333333
LLSGTITSG,876,1,0.006666666666666667
LAGTITSGW,877,149,0.9933333333333333
LSGTITSGW,877,1,0.006666666666666667
AGTITSGWT,878,149,0.9933333333333333
SGTITSGWT,878,1,0.006666666666666667
GTITSGWTF,879,150,1.0
TITSGWTFG,880,150,1.0
ITSGWTFGA,881,150,1.0
TSGWTFGAG,882,150,1.0
SGWTFGAGA,883,150,1.0
GWTFGAGAA,884,150,1.0
WTFGAGAAL,885,150,1.0
TFGAGAALQ,886,149,0.9933333333333333
FGAGAALQI,887,149,0.9933333333333333
GAGAALQIP,888,149,0.9933333333333333
AGAALQIPF,889,149,0.9933333333333333
GAALQIPFA,890,149,0.9933333333333333
AALQIPFAM,891,148,0.9866666666666667
AALQIPFAI,891,1,0.006666666666666667
ALQIPFAMQ,892,148,0.9866666666666667
ALQIPFAIQ,892,1,0.006666666666666667
LQIPFAMQM,893,148,0.9866666666666667
LQIPFAIQM,893,1,0.006666666666666667
QIPFAMQMA,894,148,0.9866666666666667
QIPFAIQMA,894,1,0.006666666666666667
IPFAMQMAY,895,149,0.9933333333333333
IPFAIQMAY,895,1,0.006666666666666667
PFAMQMAYR,896,149,0.9933333333333333
PFAIQMAYR,896,1,0.006666666666666667
FAMQMAYRF,897,149,0.9933333333333333
FAIQMAYRF,897,1,0.006666666666666667
AMQMAYRFN,898,149,0.9933333333333333
AIQMAYRFN,898,1,0.006666666666666667
MQMAYRFNG,899,149,0.9933333333333333
IQMAYRFNG,899,1,0.006666666666666667
QMAYRFNGI,900,150,1.0
MAYRFNGIG,901,150,1.0
AYRFNGIGV,902,150,1.0
YRFNGIGVT,903,150,1.0
RFNGIGVTQ,904,150,1.0
FNGIGVTQN,905,150,1.0
NGIGVTQNV,906,150,1.0
GIGVTQNVL,907,150,1.0
IGVTQNVLY,908,150,1.0
GVTQNVLYE,909,150,1.0
VTQNVLYEN,910,150,1.0
TQNVLYENQ,911,150,1.0
QNVLYENQK,912,150,1.0
NVLYENQKL,913,150,1.0
VLYENQKLI,914,150,1.0
LYENQKLIA,915,150,1.0
YENQKLIAN,916,150,1.0
ENQKLIANQ,917,150,1.0
NQKLIANQF,918,150,1.0
QKLIANQFN,919,150,1.0
KLIANQFNS,920,150,1.0
LIANQFNSA,921,150,1.0
IANQFNSAI,922,150,1.0
ANQFNSAIG,923,150,1.0
NQFNSAIGK,924,150,1.0
QFNSAIGKI,925,150,1.0
FNSAIGKIQ,926,150,1.0
NSAIGKIQD,927,150,1.0
SAIGKIQDS,928,150,1.0
AIGKIQDSL,929,150,1.0
IGKIQDSLS,930,149,0.9933333333333333
IGKIQDSLF,930,1,0.006666666666666667
GKIQDSLSS,931,149,0.9933333333333333
GKIQDSLFS,931,1,0.006666666666666667
KIQDSLSST,932,149,0.9933333333333333
KIQDSLFST,932,1,0.006666666666666667
IQDSLSSTA,933,149,0.9933333333333333
IQDSLFSTA,933,1,0.006666666666666667
QDSLSSTAS,934,149,0.9933333333333333
QDSLFSTAS,934,1,0.006666666666666667
DSLSSTASA,935,149,0.9933333333333333
DSLFSTASA,935,1,0.006666666666666667
SLSSTASAL,936,149,0.9933333333333333
SLFSTASAL,936,1,0.006666666666666667
LSSTASALG,937,149,0.9933333333333333
LFSTASALG,937,1,0.006666666666666667
SSTASALGK,938,149,0.9933333333333333
FSTASALGK,938,1,0.006666666666666667
STASALGKL,939,150,1.0
TASALGKLQ,940,150,1.0
ASALGKLQD,941,149,0.9933333333333333
SALGKLQDV,942,149,0.9933333333333333
ALGKLQDVV,943,149,0.9933333333333333
LGKLQDVVN,944,149,0.9933333333333333
GKLQDVVNQ,945,148,0.9866666666666667
GKLQDVVNH,945,1,0.006666666666666667
KLQDVVNQN,946,147,0.98
KLQDVVNHN,946,1,0.006666666666666667
LQDVVNQNA,947,147,0.98
LQDVVNHNA,947,1,0.006666666666666667
QDVVNQNAQ,948,147,0.98
QDVVNHNAQ,948,1,0.006666666666666667
DVVNQNAQA,949,147,0.98
DVVNHNAQA,949,1,0.006666666666666667
VVNQNAQAL,950,148,0.9866666666666667
VVNHNAQAL,950,1,0.006666666666666667
VNQNAQALN,951,148,0.9866666666666667
VNHNAQALN,951,1,0.006666666666666667
NQNAQALNT,952,148,0.9866666666666667
NHNAQALNT,952,1,0.006666666666666667
QNAQALNTL,953,148,0.9866666666666667
HNAQALNTL,953,1,0.006666666666666667
NAQALNTLV,954,149,0.9933333333333333
AQALNTLVK,955,149,0.9933333333333333
QALNTLVKQ,956,149,0.9933333333333333
ALNTLVKQL,957,150,1.0
LNTLVKQLS,958,150,1.0
NTLVKQLSS,959,150,1.0
TLVKQLSSN,960,149,0.9933333333333333
TLVKQLSSK,960,1,0.006666666666666667
LVKQLSSNF,961,149,0.9933333333333333
LVKQLSSKF,961,1,0.006666666666666667
VKQLSSNFG,962,149,0.9933333333333333
VKQLSSKFG,962,1,0.006666666666666667
KQLSSNFGA,963,149,0.9933333333333333
KQLSSKFGA,963,1,0.006666666666666667
QLSSNFGAI,964,149,0.9933333333333333
QLSSKFGAI,964,1,0.006666666666666667
LSSNFGAIS,965,149,0.9933333333333333
LSSKFGAIS,965,1,0.006666666666666667
SSNFGAISS,966,149,0.9933333333333333
SSKFGAISS,966,1,0.006666666666666667
SNFGAISSV,967,149,0.9933333333333333
SKFGAISSV,967,1,0.006666666666666667
NFGAISSVL,968,149,0.9933333333333333
KFGAISSVL,968,1,0.006666666666666667
FGAISSVLN,969,150,1.0
GAISSVLND,970,150,1.0
AISSVLNDI,971,150,1.0
ISSVLNDIL,972,150,1.0
SSVLNDILS,973,150,1.0
SVLNDILSR,974,150,1.0
VLNDILSRL,975,150,1.0
LNDILSRLD,976,150,1.0
NDILSRLDK,977,150,1.0
DILSRLDKV,978,150,1.0
ILSRLDKVE,979,150,1.0
LSRLDKVEA,980,150,1.0
SRLDKVEAE,981,150,1.0
RLDKVEAEV,982,150,1.0
LDKVEAEVQ,983,150,1.0
DKVEAEVQI,984,150,1.0
KVEAEVQID,985,150,1.0
VEAEVQIDR,986,150,1.0
EAEVQIDRL,987,150,1.0
AEVQIDRLI,988,150,1.0
EVQIDRLIT,989,150,1.0
VQIDRLITG,990,150,1.0
QIDRLITGR,991,150,1.0
IDRLITGRL,992,150,1.0
DRLITGRLQ,993,150,1.0
RLITGRLQS,994,150,1.0
LITGRLQSL,995,150,1.0
ITGRLQSLQ,996,150,1.0
TGRLQSLQT,997,150,1.0
GRLQSLQTY,998,150,1.0
RLQSLQTYV,999,150,1.0
LQSLQTYVT,1000,150,1.0
QSLQTYVTQ,1001,150,1.0
SLQTYVTQQ,1002,150,1.0
LQTYVTQQL,1003,150,1.0
QTYVTQQLI,1004,150,1.0
TYVTQQLIR,1005,150,1.0
YVTQQLIRA,1006,150,1.0
VTQQLIRAA,1007,150,1.0
TQQLIRAAE,1008,150,1.0
QQLIRAAEI,1009,150,1.0
QLIRAAEIR,1010,150,1.0
LIRAAEIRA,1011,150,1.0
IRAAEIRAS,1012,150,1.0
RAAEIRASA,1013,150,1.0
AAEIRASAN,1014,150,1.0
AEIRASANL,1015,150,1.0
EIRASANLA,1016,150,1.0
IRASANLAA,1017,150,1.0
RASANLAAT,1018,150,1.0
ASANLAATK,1019,150,1.0
SANLAATKM,1020,150,1.0
ANLAATKMS,1021,150,1.0
NLAATKMSE,1022,150,1.0
LAATKMSEC,1023,150,1.0
AATKMSECV,1024,150,1.0
ATKMSECVL,1025,150,1.0
TKMSECVLG,1026,150,1.0
KMSECVLGQ,1027,150,1.0
MSECVLGQS,1028,150,1.0
SECVLGQSK,1029,150,1.0
ECVLGQSKR,1030,150,1.0
CVLGQSKRV,1031,150,1.0
VLGQSKRVD,1032,150,1.0
LGQSKRVDF,1033,150,1.0
GQSKRVDFC,1034,150,1.0
QSKRVDFCG,1035,150,1.0
SKRVDFCGK,1036,150,1.0
KRVDFCGKG,1037,150,1.0
RVDFCGKGY,1038,150,1.0
VDFCGKGYH,1039,150,1.0
DFCGKGYHL,1040,150,1.0
FCGKGYHLM,1041,150,1.0
CGKGYHLMS,1042,150,1.0
GKGYHLMSF,1043,150,1.0
KGYHLMSFP,1044,150,1.0
GYHLMSFPQ,1045,150,1.0
YHLMSFPQS,1046,150,1.0
HLMSFPQSA,1047,150,1.0
LMSFPQSAP,1048,150,1.0
MSFPQSAPH,1049,150,1.0
SFPQSAPHG,1050,150,1.0
FPQSAPHGV,1051,150,1.0
PQSAPHGVV,1052,150,1.0
QSAPHGVVF,1053,150,1.0
SAPHGVVFL,1054,150,1.0
APHGVVFLH,1055,150,1.0
PHGVVFLHV,1056,150,1.0
HGVVFLHVT,1057,150,1.0
GVVFLHVTY,1058,150,1.0
VVFLHVTYV,1059,150,1.0
VFLHVTYVP,1060,150,1.0
FLHVTYVPA,1061,150,1.0
LHVTYVPAQ,1062,150,1.0
HVTYVPAQE,1063,149,0.9933333333333333
VTYVPAQEK,1064,149,0.9933333333333333
TYVPAQEKN,1065,149,0.9933333333333333
YVPAQEKNF,1066,149,0.9933333333333333
VPAQEKNFT,1067,149,0.9933333333333333
PAQEKNFTT,1068,149,0.9933333333333333
AQEKNFTTA,1069,149,0.9933333333333333
QEKNFTTAP,1070,149,0.9933333333333333
EKNFTTAPA,1071,149,0.9933333333333333
KNFTTAPAI,1072,150,1.0
NFTTAPAIC,1073,150,1.0
FTTAPAICH,1074,150,1.0
TTAPAICHD,1075,150,1.0
TAPAICHDG,1076,150,1.0
APAICHDGK,1077,150,1.0
PAICHDGKA,1078,150,1.0
AICHDGKAH,1079,150,1.0
ICHDGKAHF,1080,150,1.0
CHDGKAHFP,1081,150,1.0
HDGKAHFPR,1082,150,1.0
DGKAHFPRE,1083,150,1.0
GKAHFPREG,1084,150,1.0
KAHFPREGV,1085,150,1.0
AHFPREGVF,1086,150,1.0
HFPREGVFV,1087,150,1.0
FPREGVFVS,1088,150,1.0
PREGVFVSN,1089,150,1.0
REGVFVSNG,1090,150,1.0
EGVFVSNGT,1091,150,1.0
GVFVSNGTH,1092,150,1.0
VFVSNGTHW,1093,150,1.0
FVSNGTHWF,1094,150,1.0
VSNGTHWFV,1095,149,0.9933333333333333
VSNGTHWFL,1095,1,0.006666666666666667
SNGTHWFVT,1096,149,0.9933333333333333
SNGTHWFLT,1096,1,0.006666666666666667
NGTHWFVTQ,1097,149,0.9933333333333333
NGTHWFLTQ,1097,1,0.006666666666666667
GTHWFVTQR,1098,149,0.9933333333333333
GTHWFLTQR,1098,1,0.006666666666666667
THWFVTQRN,1099,149,0.9933333333333333
THWFLTQRN,1099,1,0.006666666666666667
HWFVTQRNF,1100,149,0.9933333333333333
HWFLTQRNF,1100,1,0.006666666666666667
WFVTQRNFY,1101,149,0.9933333333333333
WFLTQRNFY,1101,1,0.006666666666666667
FVTQRNFYE,1102,149,0.9933333333333333
FLTQRNFYE,1102,1,0.006666666666666667
VTQRNFYEP,1103,149,0.9933333333333333
LTQRNFYEP,1103,1,0.006666666666666667
TQRNFYEPQ,1104,150,1.0
QRNFYEPQI,1105,150,1.0
RNFYEPQII,1106,150,1.0
NFYEPQIIT,1107,150,1.0
FYEPQIITT,1108,150,1.0
YEPQIITTD,1109,150,1.0
EPQIITTDN,1110,150,1.0
PQIITTDNT,1111,150,1.0
QIITTDNTF,1112,150,1.0
IITTDNTFV,1113,150,1.0
ITTDNTFVS,1114,150,1.0
TTDNTFVSG,1115,149,0.9933333333333333
TDNTFVSGN,1116,149,0.9933333333333333
DNTFVSGNC,1117,149,0.9933333333333333
NTFVSGNCD,1118,149,0.9933333333333333
TFVSGNCDV,1119,149,0.9933333333333333
FVSGNCDVV,1120,149,0.9933333333333333
VSGNCDVVI,1121,149,0.9933333333333333
SGNCDVVIG,1122,149,0.9933333333333333
GNCDVVIGI,1123,149,0.9933333333333333
NCDVVIGIV,1124,150,1.0
CDVVIGIVN,1125,150,1.0
DVVIGIVNN,1126,150,1.0
VVIGIVNNT,1127,150,1.0
VIGIVNNTV,1128,150,1.0
IGIVNNTVY,1129,150,1.0
GIVNNTVYD,1130,149,0.9933333333333333
GIVNNTVYH,1130,1,0.006666666666666667
IVNNTVYDP,1131,145,0.9666666666666667
IVNNTVYHP,1131,1,0.006666666666666667
VNNTVYDPL,1132,145,0.9666666666666667
VNNTVYHPL,1132,1,0.006666666666666667
NNTVYDPLQ,1133,145,0.9666666666666667
NNTVYHPLQ,1133,1,0.006666666666666667
NTVYDPLQP,1134,145,0.9666666666666667
NTVYHPLQP,1134,1,0.006666666666666667
TVYDPLQPE,1135,145,0.9666666666666667
TVYHPLQPE,1135,1,0.006666666666666667
VYDPLQPEL,1136,145,0.9666666666666667
VYHPLQPEL,1136,1,0.006666666666666667
YDPLQPELD,1137,145,0.9666666666666667
YHPLQPELD,1137,1,0.006666666666666667
DPLQPELDS,1138,144,0.96
DPLQPELDL,1138,1,0.006666666666666667
HPLQPELDS,1138,1,0.006666666666666667
PLQPELDSF,1139,145,0.9666666666666667
PLQPELDLF,1139,1,0.006666666666666667
LQPELDSFK,1140,149,0.9933333333333333
LQPELDLFK,1140,1,0.006666666666666667
QPELDSFKE,1141,149,0.9933333333333333
QPELDLFKE,1141,1,0.006666666666666667
PELDSFKEE,1142,149,0.9933333333333333
PELDLFKEE,1142,1,0.006666666666666667
ELDSFKEEL,1143,149,0.9933333333333333
ELDLFKEEL,1143,1,0.006666666666666667
LDSFKEELD,1144,149,0.9933333333333333
LDLFKEELD,1144,1,0.006666666666666667
DSFKEELDK,1145,149,0.9933333333333333
DLFKEELDK,1145,1,0.006666666666666667
SFKEELDKY,1146,147,0.98
SFKEELDKF,1146,2,0.013333333333333334
LFKEELDKY,1146,1,0.006666666666666667
FKEELDKYF,1147,148,0.9866666666666667
FKEELDKFF,1147,2,0.013333333333333334
KEELDKYFK,1148,148,0.9866666666666667
KEELDKFFK,1148,2,0.013333333333333334
EELDKYFKN,1149,148,0.9866666666666667
EELDKFFKN,1149,2,0.013333333333333334
ELDKYFKNH,1150,148,0.9866666666666667
ELDKFFKNH,1150,2,0.013333333333333334
LDKYFKNHT,1151,148,0.9866666666666667
LDKFFKNHT,1151,2,0.013333333333333334
DKYFKNHTS,1152,148,0.9866666666666667
DKFFKNHTS,1152,2,0.013333333333333334
KYFKNHTSP,1153,147,0.98
KFFKNHTSP,1153,2,0.013333333333333334
KYFKNHTSS,1153,1,0.006666666666666667
YFKNHTSPD,1154,147,0.98
FFKNHTSPD,1154,2,0.013333333333333334
YFKNHTSSD,1154,1,0.006666666666666667
FKNHTSPDV,1155,149,0.9933333333333333
FKNHTSSDV,1155,1,0.006666666666666667
KNHTSPDVD,1156,149,0.9933333333333333
KNHTSSDVD,1156,1,0.006666666666666667
NHTSPDVDL,1157,149,0.9933333333333333
NHTSSDVDL,1157,1,0.006666666666666667
HTSPDVDLG,1158,149,0.9933333333333333
HTSSDVDLG,1158,1,0.006666666666666667
TSPDVDLGD,1159,149,0.9933333333333333
TSSDVDLGD,1159,1,0.006666666666666667
SPDVDLGDI,1160,149,0.9933333333333333
SSDVDLGDI,1160,1,0.006666666666666667
PDVDLGDIS,1161,149,0.9933333333333333
SDVDLGDIS,1161,1,0.006666666666666667
DVDLGDISG,1162,150,1.0
VDLGDISGI,1163,150,1.0
DLGDISGIN,1164,150,1.0
LGDISGINA,1165,150,1.0
GDISGINAS,1166,150,1.0
DISGINASV,1167,149,0.9933333333333333
DISGINASF,1167,1,0.006666666666666667
ISGINASVV,1168,149,0.9933333333333333
ISGINASFV,1168,1,0.006666666666666667
SGINASVVN,1169,149,0.9933333333333333
SGINASFVN,1169,1,0.006666666666666667
GINASVVNI,1170,149,0.9933333333333333
GINASFVNI,1170,1,0.006666666666666667
INASVVNIQ,1171,148,0.9866666666666667
INASFVNIQ,1171,1,0.006666666666666667
NASVVNIQK,1172,148,0.9866666666666667
NASFVNIQK,1172,1,0.006666666666666667
ASVVNIQKE,1173,148,0.9866666666666667
ASFVNIQKE,1173,1,0.006666666666666667
SVVNIQKEI,1174,148,0.9866666666666667
SFVNIQKEI,1174,1,0.006666666666666667
VVNIQKEID,1175,148,0.9866666666666667
FVNIQKEID,1175,1,0.006666666666666667
VNIQKEIDR,1176,149,0.9933333333333333
NIQKEIDRL,1177,149,0.9933333333333333
IQKEIDRLN,1178,148,0.9866666666666667
IQKEIDRLY,1178,1,0.006666666666666667
QKEIDRLNE,1179,148,0.9866666666666667
QKEIDRLYE,1179,1,0.006666666666666667
KEIDRLNEV,1180,149,0.9933333333333333
KEIDRLYEV,1180,1,0.006666666666666667
EIDRLNEVA,1181,149,0.9933333333333333
EIDRLYEVA,1181,1,0.006666666666666667
IDRLNEVAK,1182,148,0.9866666666666667
IDRLNEVAN,1182,1,0.006666666666666667
IDRLYEVAK,1182,1,0.006666666666666667
DRLNEVAKN,1183,148,0.9866666666666667
DRLNEVANN,1183,1,0.006666666666666667
DRLYEVAKN,1183,1,0.006666666666666667
RLNEVAKNL,1184,148,0.9866666666666667
RLNEVANNL,1184,1,0.006666666666666667
RLYEVAKNL,1184,1,0.006666666666666667
LNEVAKNLN,1185,148,0.9866666666666667
LNEVANNLN,1185,1,0.006666666666666667
LYEVAKNLN,1185,1,0.006666666666666667
NEVAKNLNE,1186,148,0.9866666666666667
NEVANNLNE,1186,1,0.006666666666666667
YEVAKNLNE,1186,1,0.006666666666666667
EVAKNLNES,1187,149,0.9933333333333333
EVANNLNES,1187,1,0.006666666666666667
VAKNLNESL,1188,149,0.9933333333333333
VANNLNESL,1188,1,0.006666666666666667
AKNLNESLI,1189,149,0.9933333333333333
ANNLNESLI,1189,1,0.006666666666666667
KNLNESLID,1190,149,0.9933333333333333
NNLNESLID,1190,1,0.006666666666666667
NLNESLIDL,1191,150,1.0
LNESLIDLQ,1192,150,1.0
NESLIDLQE,1193,150,1.0
ESLIDLQEL,1194,150,1.0
SLIDLQELG,1195,150,1.0
LIDLQELGK,1196,150,1.0
IDLQELGKY,1197,150,1.0
DLQELGKYE,1198,150,1.0
LQELGKYEQ,1199,150,1.0
QELGKYEQY,1200,150,1.0
ELGKYEQYI,1201,150,1.0
LGKYEQYIK,1202,150,1.0
GKYEQYIKW,1203,150,1.0
KYEQYIKWP,1204,150,1.0
YEQYIKWPW,1205,149,0.9933333333333333
EQYIKWPWY,1206,149,0.9933333333333333
QYIKWPWYI,1207,149,0.9933333333333333
YIKWPWYIW,1208,149,0.9933333333333333
IKWPWYIWL,1209,149,0.9933333333333333
KWPWYIWLG,1210,149,0.9933333333333333
WPWYIWLGF,1211,149,0.9933333333333333
PWYIWLGFI,1212,149,0.9933333333333333
WYIWLGFIA,1213,149,0.9933333333333333
YIWLGFIAG,1214,150,1.0
IWLGFIAGL,1215,150,1.0
WLGFIAGLI,1216,150,1.0
LGFIAGLIA,1217,150,1.0
GFIAGLIAI,1218,149,0.9933333333333333
GFIAGLIAT,1218,1,0.006666666666666667
FIAGLIAIV,1219,148,0.9866666666666667
FIAGLIAIL,1219,1,0.006666666666666667
FIAGLIATV,1219,1,0.006666666666666667
IAGLIAIVM,1220,148,0.9866666666666667
IAGLIAILM,1220,1,0.006666666666666667
IAGLIATVM,1220,1,0.006666666666666667
AGLIAIVMV,1221,147,0.98
AGLIAILMV,1221,1,0.006666666666666667
AGLIAIVMA,1221,1,0.006666666666666667
AGLIATVMV,1221,1,0.006666666666666667
GLIAIVMVT,1222,147,0.98
GLIAILMVT,1222,1,0.006666666666666667
GLIAIVMAT,1222,1,0.006666666666666667
GLIATVMVT,1222,1,0.006666666666666667
LIAIVMVTI,1223,147,0.98
LIAILMVTI,1223,1,0.006666666666666667
LIAIVMATI,1223,1,0.006666666666666667
LIATVMVTI,1223,1,0.006666666666666667
IAIVMVTIM,1224,147,0.98
IAILMVTIM,1224,1,0.006666666666666667
IAIVMATIM,1224,1,0.006666666666666667
IATVMVTIM,1224,1,0.006666666666666667
AIVMVTIML,1225,147,0.98
AILMVTIML,1225,1,0.006666666666666667
AIVMATIML,1225,1,0.006666666666666667
ATVMVTIML,1225,1,0.006666666666666667
IVMVTIMLC,1226,147,0.98
ILMVTIMLC,1226,1,0.006666666666666667
IVMATIMLC,1226,1,0.006666666666666667
TVMVTIMLC,1226,1,0.006666666666666667
VMVTIMLCC,1227,148,0.9866666666666667
LMVTIMLCC,1227,1,0.006666666666666667
VMATIMLCC,1227,1,0.006666666666666667
MVTIMLCCM,1228,149,0.9933333333333333
MATIMLCCM,1228,1,0.006666666666666667
VTIMLCCMT,1229,149,0.9933333333333333
ATIMLCCMI,1229,1,0.006666666666666667
TIMLCCMTS,1230,149,0.9933333333333333
TIMLCCMIS,1230,1,0.006666666666666667
IMLCCMTSC,1231,149,0.9933333333333333
IMLCCMISC,1231,1,0.006666666666666667
MLCCMTSCC,1232,149,0.9933333333333333
MLCCMISCC,1232,1,0.006666666666666667
LCCMTSCCS,1233,149,0.9933333333333333
LCCMISCCS,1233,1,0.006666666666666667
CCMTSCCSC,1234,149,0.9933333333333333
CCMISCCSC,1234,1,0.006666666666666667
CMTSCCSCL,1235,149,0.9933333333333333
CMISCCSCL,1235,1,0.006666666666666667
MTSCCSCLK,1236,149,0.9933333333333333
MISCCSCLK,1236,1,0.006666666666666667
TSCCSCLKG,1237,149,0.9933333333333333
ISCCSCLKG,1237,1,0.006666666666666667
SCCSCLKGC,1238,150,1.0
CCSCLKGCC,1239,150,1.0
CSCLKGCCS,1240,150,1.0
SCLKGCCSC,1241,150,1.0
CLKGCCSCG,1242,150,1.0
LKGCCSCGS,1243,150,1.0
KGCCSCGSC,1244,150,1.0
GCCSCGSCC,1245,150,1.0
CCSCGSCCK,1246,150,1.0
CSCGSCCKF,1247,150,1.0
SCGSCCKFD,1248,150,1.0
CGSCCKFDE,1249,150,1.0
GSCCKFDED,1250,150,1.0
SCCKFDEDD,1251,150,1.0
CCKFDEDDS,1252,150,1.0
CKFDEDDSE,1253,150,1.0
KFDEDDSEP,1254,150,1.0
FDEDDSEPV,1255,150,1.0
DEDDSEPVL,1256,150,1.0
EDDSEPVLK,1257,150,1.0
DDSEPVLKG,1258,150,1.0
DSEPVLKGV,1259,150,1.0
SEPVLKGVK,1260,150,1.0
EPVLKGVKL,1261,150,1.0
PVLKGVKLH,1262,150,1.0
VLKGVKLHY,1263,150,1.0
LKGVKLHYT,1264,150,1.0
